url,status,code,response_time,md5
http://2l2xl62kgbkhtt54dgo3a2tkokv6qasiaythptsecx23itvwbwosh6id.onion,ALIVE,200,4.279,194ce2ff42819e294cdf10fbc6420fc9
http://2nga4m4dmba5zugxkaek63g2gbeevinqrwobjxb34sg5ki5bfuzponad.onion,ALIVE,200,0.849,7db85e524abfca0121552a2989cb6856
http://2xk5czyg7zutnmojjcjsyks53wwegouzmzcf45npl5vb3lnx3do7j6ad.onion,ALIVE,200,1.06,f0a1412568666233b0d2339130d4bbd2
http://26ljjgt5wxtohawpyjeiqyqeijze4wuw2cujo35bdq6r5qkb7pwt6cyd.onion,UNREACHABLE,,,09a7c76aba071db00f46420aa2c6e49c
http://2gtggirmnyqwmqnn26j7dxewmhmpkaluuskia6l6i2w5ejuk6yxthnyd.onion,TIMEOUT,,,18553f028197cdbedca8ad67cd6d1d21
http://33d6jsoesmin6u53doyqw3jd3ipcwc3ojtuz7xovydvrkhmaxgpfjpid.onion,TIMEOUT,,,14e1f3dd3bd3d02ea71a066806a310be
http://3csvp6ttffpsnpgnaf3wzm7axrnf7qjihetgmchj6h7fvtopqnbocoyd.onion,TIMEOUT,,,93187478d4ed67ea48da0ca3312d0f27
http://3cdati4cjo3shyimsvwpn5zp7nnqa7o24kgndir2oifvgzlv72ntofyd.onion,TIMEOUT,,,2d220aae5e95fd7adf14d66d037b3781
http://2mkp6nhhu2zgrj674uwgpichlzy3akx63g7dumqrlek5zvaizhbsnaqd.onion,TIMEOUT,,,001258ca34bb8389fbff95b4a2cf0ccb
http://26rxbkiws6wacjenv3lofa4cusdscxto4q5jyx3pnyndddtnml3ouead.onion,TIMEOUT,,,1ec34daddd33bd607a9267238ea9bf68
http://33aaicde4n5z7nshxzrw67of3h4mididsxmydh2k77rxa4pce74kocad.onion,TIMEOUT,,,36b12597276dfab47ff15d2d91eea594
http://34ijhs4uzheqhlflebmdgcrayat62jcmtqgjex24fkxamypbw57ndoad.onion,TIMEOUT,,,dfb38ffc9a24203e76dab6debfaaac9f
http://2dxjieooylj4uhquzwilucfy7pjds36awpi464qvxnxyir6jgk6ktcid.onion,TIMEOUT,,,d5734c55d04db152cb5b627948a8bcfb
http://27tlyolm2p6q3lz47olp5n54fuiult6vmemkvqkwbm5mbtcuyfiwuzqd.onion,TIMEOUT,,,cba87f7c88eb48482745bf50e5e5f70b
http://22iyymwgk6cqummyqhg5kzbnwylocsacpiiyk4zfqtaom3bphdkil4ad.onion,TIMEOUT,,,2f240a1861dfa9e862b6dbf4644ca032
http://2mq7husr52trbg5lekkd4pwtyykrezl2hnbeg6ywa6clnwwrz2yxb6id.onion,TIMEOUT,,,3922efe966329592cc8e01d591f6b829
http://2nxpboa3ya52j5au4gxwkdt4nxoh5g4y4f3tuqedlza46y35jmv6doid.onion,TIMEOUT,,,f512012bfeb5dcf85fd26320f09dbd02
http://2222amgnhz64arhjh5shn2wk7ui4iwciowlfqcsyjkhclx4bf5eo5qad.onion,TIMEOUT,,,55bc3a857135cfe4280d0335c31dcf24
http://3dumveb5thf2w5mvnkv3ckv72fuzzvgzgbquem6jvbeeif5sotsfrnyd.onion,ALIVE,200,0.835,fe83647d6236593bcc764727bb6e0bc7
http://2nj3irxgrpn3tihjaadkliwkawtyj3c5tq5p5o3o352h4vwzioz3s5ad.onion,TIMEOUT,,,5053faee172346274dc9475c479e28e3
http://2btc3nzfuhzcdhz2foy37ahmfhnsskhyrgpax67gxjs5s2x6qy234aad.onion,TIMEOUT,,,9e3233e8399b46ca46c23e4428308581
http://3eknznquruypei2lyv7duxjxyjhdptdaaffjywowrwh35v7uspfqflqd.onion,ALIVE,200,0.845,0a55968cab9eae48bc3517206c7627ad
http://3fsas34ky5fvzubgd2hidz7zw24gprkbat5hcqymhgruzxphkr72rpqd.onion,ALIVE,200,3.766,d28363a1016749a88eee3fc8149dcf6a
http://3ht6q6zf4uumunyora3sxihueazfxeaupm52atwjhopki2acmdpymxyd.onion,DEAD,500,2.613,b5b1dbdfc0cf7f26aa03727305ae35db
http://47ipbuh7tighc5rdz5vqvs274unj37qll5nyuuwr66r2lpnnf6wpy4id.onion,ALIVE,200,4.558,945b9138ecf9b4c3adc38f39648a6e61
http://3ojfh3rzqytzmbkt2weaavw4sdyfpmx4swjhztrxav3ri6wpiny2vlyd.onion,ALIVE,200,1.281,df535de96de77f7d794bec06a74af5f3
http://43e5aym5t76l2w6dvxevlnskphsqva55pbdpwekjqs7l6p3hof6ez5ad.onion,DEAD,500,3.258,a24161aa17c2847f41e24235cb1d660c
http://3kmwv3pokeogrmhkjgwrdcirzpfjbfvhwkjcmwm4odzc7moljfcdz3ad.onion,TIMEOUT,,,6624418fdf88bdd5052e69274398a93f
http://3lmzkt44nvppat7ejfbxmjy7t7pznkup2j4uogqpc5pr3jjchrtaniid.onion,TIMEOUT,,,244a91e888fd6f1f6a650a1aa86391bb
http://3k6wsobkhrtrs5ehxxjvu465xnr3xjxcxvwq22w3zdjra2kj4jxyg5id.onion,TIMEOUT,,,be4f98ef33cbcc34b7c603a7860ee3e3
http://3xzncaber6e43yml5z74d6ese7ndr7xbbxobwqk3pgf5vyt3mekmscqd.onion,TIMEOUT,,,c7dab3a15c1586b748ee36d5992be312
http://3pu5v2kpykohtpcslm2ikasddoktyduwfuqkl2i5jo73qtuwjzxv7cid.onion,TIMEOUT,,,cd3100a3290fcaf4926956e2794cbe2a
http://44s7jcvpcm5whubh7s55zjrqhszf7xaqczqk2hn5ser6kahl3n5sznyd.onion,UNREACHABLE,,,0ec6fa51031ff4ceacb71da6fa6c1218
http://3kqzpk4n2ofxmdf2isormtd277vazwykhwdajwvn2t64gl25cegc24id.onion,TIMEOUT,,,5f548fcf483414def431da1a13b6a478
http://3lsmdrktkrsvhum5qhaft3buv3kxlyilfg6yvehi4unc6xwubvcj2sad.onion,TIMEOUT,,,133a21ff26cc0467249f588effdfd998
http://3tinwlvmmh2sjruuqfi2kk73qs5fqyb6keqooxhbnvsxmbxz4h7zljid.onion,TIMEOUT,,,cc0940b72e2b8db9f8ae884111a23ed7
http://3nwvel4m4vzlgiekqd5rfn4iho7rnklimb4nq6hypz4udm7246njxzid.onion,TIMEOUT,,,35fad460a6b24a1fd8cd39cccb844da0
http://3nvc3ehhbrraxgkgunc6eor4ppzpz2coaxrjk7y534bjp52kztyqrhad.onion,TIMEOUT,,,3bf4d9a3fcc72e5aa663878871c85767
http://3w4dvukn4db6nbulebbcn2g3nxdvfjgnigwtivsldx3hh2igaiqkrcid.onion,TIMEOUT,,,8e365ee4638535ece6f12e32ba2b6075
http://43tioyxrh5w63c5mbjapidg2bhcr4flrc5vlwc5rpil7glt4jv3mgoyd.onion,TIMEOUT,,,2e5c8ec1419dc3203322a94de8215a85
http://3wli7lkwaamvnxcoik7ykpi6qtfpie7vrdk63jhlfhrokhgsvbqztmyd.onion,TIMEOUT,,,d433ec79458ec7c70a867207469cadef
http://3veejbe45a4rtekeae77bugswrx32muzn73kg3hbkjfnl2oy2iwlz3yd.onion,TIMEOUT,,,5b7fd1c043dc352f8576c0ea6a8b490d
http://4dizdml4fy7cqhyal5xosempzhuxt24xa22eihld4k5o5grw4kw4deid.onion,ALIVE,200,5.183,c38495e9c1584b85249759087c7c7fca
http://4ex63stoqlabl7xx4di6sb2nvnovcr7dptpuocgalhomvd6qw3qxs6ad.onion,ALIVE,200,5.333,e84ffc63abd84f4f6f99d32a653bf18c
http://4lny5szpmuutq6oxkccfuccgt6ubchh2s6vtieslvssto4fqqbjaakyd.onion,ALIVE,200,4.82,0d42c335a70f588a55a68e68b53d8cad
http://4fpmnyrxofrm4kmzmmhp3gb45x5tsvfqitmrl5cnadjpie5myatdgbad.onion,DEAD,500,6.909,e3662b68d71521f99b07306b319bea38
http://4aoy4hhwbg76l5n7zneoujjtpuyj6l3aqaeaqwoko56a2zwiqny7ayid.onion,TIMEOUT,,,83c190b0dceebf791a78889fde087ed5
http://4byeuwuimnwglkshdgvd6iosa5z7hjwmxl2ecrpmyomvkb42lagcmaad.onion,TIMEOUT,,,262a5b2ee0e76311ffcd6562e7ef0b88
http://54f5wg2jeeubbrplwa2abpw45kkp3rm4s6uan7hnt7bqhwn3eurzhvqd.onion,ALIVE,200,1.56,d48fc9bb16546681a397e43709635e4d
http://4gph6mwndg7kjspcn6vec5s2zsjo4vx4ve637rt76jfmc5clm3kkh7ad.onion,TIMEOUT,,,b8b30ca9e18661ee66aad26039638735
http://4xm5vnt54jostyn3ayowttii5ffkkzzjtqhbmhjgosukby5fgkqr7vad.onion,TIMEOUT,,,ea02c31995980c94589409bf3ad0c942
http://4gst62qlo5zips5jt2vwrsq4335e7c6nchkp6af33rojpqn2a5obrqid.onion,TIMEOUT,,,e47757923ffc51acd5b0d92bb4c3d89a
http://4kkjviivdqfxbk2mn4nhnctdxkq56q6454zaf7y3vgwogb6vfnxgaaid.onion,TIMEOUT,,,68223be6147433009378318f66a8f840
http://4z7g5nry23lpxb53dlzsafj7bzgd6c4mep67vjhcmrld7u2fr2qcvjqd.onion,TIMEOUT,,,29433bd9f93e1bcc0f9fa385f1483a42
http://4y5hh2kl47z2v67ktnltrfbtu6vvjujepn4lawhru4cnn53uhy7vdvid.onion,TIMEOUT,,,037910adf1cc0cedc449eca9d2a94297
http://4ovtemevecha3y3nx7hriufyl6egogm4bkws7u4o36ys2o5jgckmyqid.onion,TIMEOUT,,,dd4023a45765d9cf7d2fce3218f337c4
http://4ld6nxcx4cba53qf72gvkxr26ib6ssxwfaudawp6wkxpylrdqzru7hid.onion,TIMEOUT,,,aff84681189ade068863b6d323b47476
http://555zuqj53cazcjoittnm7w5ckvx2nygpomu2fowqtdqdwnvxnifegkad.onion,UNREACHABLE,,,4f01f946b5fcec6d2ff74504d0e7ea49
http://4kmfp3etl6ma36s5idtfg3kqlv22eivbntvfe5zzwpyokbqvtohrsaad.onion,TIMEOUT,,,fa964573f60460c13b0590d8cc0665ee
http://4oqimnfv7mm4qyyr3qlth2m3253ef2mnkkmrdj6urhahg3gljbksknid.onion,TIMEOUT,,,a588cc1c39610e918ebd1f259b9e0dca
http://4sjbzluomc7cdvrsr3j4kfamaz3gxormkycme3capz3d2gq6y6ieznqd.onion,TIMEOUT,,,d32a045fd1e6e7822209a4fd17d26c39
http://4vzqh6pb63kpcxgrdploc24rwu6xwrbh7jtym24quq7hbcldhblgxead.onion,TIMEOUT,,,164374316613cd3145dbb7439c180f7b
http://536lvulgljl32su7udrwg2piw6hcs2wt7bd2ooq5el4lsu3xf636jbid.onion,TIMEOUT,,,96d9fc6e9bae2900f04b6570d4c75aca
http://54dgefgdzvmj7g4h4x4f3bi7liuqhuf5fudg67arfir6zr7d7tscgcad.onion,TIMEOUT,,,e9faaf12ed1bc01cc337bdd5cea43b4f
http://5c3lfnj7j4mvzuxut2uiygro3d3cbe3wovmetoklsyvndzrxzlqzi5yd.onion,ALIVE,200,5.337,48ddd3365fdab179e51f009401057725
http://56vq5zilwmt7dll5qzhqsgoxsubuz3gixb3htfhzcaqqgjn5xqdbrrqd.onion,TIMEOUT,,,9240fc8146d8ecdb8e9e8e6566bf9cd3
http://5alslhxagi7rpbj44e2x6m2dl6ccamlagqwwd2mkb5vrj7xk3hxpawyd.onion,TIMEOUT,,,c3e42d85a8c5c1b6abe213393485dc81
http://5ab656ccuqablwjgrie7izhyjk3snfo74sf7jtiwczbrnpqakvegluqd.onion,TIMEOUT,,,c686723d0fdc3e313e64b06ff1d97c56
http://5axrl5pidt3tejnrqqp5gpxfuh2u32rjzn7gsckqyl5tnrrsffxlssqd.onion,TIMEOUT,,,38f555641c7da7829dec366be39ac15f
http://5xttrskiaioxjexorkttwdry2xah2l7mirucfkrbr6ncipkobnxi6yyd.onion,ALIVE,200,3.005,cc3b048ecbb1e8bf552725024a3b7394
http://5dp54splmxiod46zfwrjtxskj72fqxt6d57r2u5esorf4byzruyexmyd.onion,TIMEOUT,,,b5d3a62faa90127449b93f3b96c324b7
http://5ksfq4vews5pcgulh4jouy25fifkodgaqsyumcyaconhjt7a7pq57kyd.onion,TIMEOUT,,,2f77352712809bfb3a8860fc826ee173
http://5shmyeetxfvgm7f62gytakdst5fznxii23kykarketprptywqhmoefad.onion,TIMEOUT,,,d4525ffd162e502f513b55bc84e6e001
http://5guhbz7352eqsvlkve2k2xv6ab5hfjaqts3uvtooai6s7ur5j2jue4yd.onion,TIMEOUT,,,3781467d5bde38a44841bd9c7dbbf175
http://5dw6dqpp5ubvlkxjv5xzt4yf4eqmz3uaglrva7azcbrbxhcret3rweyd.onion,TIMEOUT,,,6e0f793373b34931a8c7541e6afd1be3
http://5ks76ggujhvjzzvlykv5u33cie7vygi4qqmg6rpwxsvqtmfqnf63keyd.onion,TIMEOUT,,,e61a383d196525d765f211ab8b6c4fca
http://63tcvr7j5gju24emo3ygbxmezqmg7z2zyby27n647jmu4uzcosiduzid.onion,TIMEOUT,,,585e5f668bdb665f18a6eaeb801a3e6d
http://5mui55c5dljuckrocijcsi7pub33nsnqqpxhic6dwpwzonpnzojosmqd.onion,TIMEOUT,,,29326dbf7d4a1c908e4d02f25ae417c9
http://5zinqtyyv4u5gu3agenecaepen2tgwszd5b2ifomckm5ij6otufdzjid.onion,TIMEOUT,,,da7c6e816d7aea99fc50568be155936e
http://5s34soxcxi5rrw723olcuidw2azyu4qfnqoxsb74542h7yvcu6k73aqd.onion,TIMEOUT,,,f6ffe91ec802532f29a45954dcb3a13e
http://65u6dhemwjb7yorvs3k6dw66isfwmxf6xifqtjf4wezm5mqyxplb3myd.onion,TIMEOUT,,,eadeab3c3c28d979774f1c136c2e5273
http://5yep5k6x52n43eguswa6fkuy47a2gvg7r5vfalat23z42lwldhdxnjad.onion,TIMEOUT,,,3e78cc7dab4633c2bf86a21ceedd257f
http://6266wmx7gwbg4px6qaigohg3fy6i4ba7q7qfrvdhjxkhpx6d5g5lkoad.onion,TIMEOUT,,,85cbea154fe89d595683209240e00a0a
http://66ia2tjkuct625zmfxbxhgnjc5tvnbmki3i2mzocpvqqcpcexvrruhyd.onion,TIMEOUT,,,b438258ffc325c20a25769507922622b
http://672fobecnct6upch5ztc2v34lxsjq6fjeqlnla7erb5ppid6p7as3hid.onion,TIMEOUT,,,7456e42717d708d6d5bfce59c892f66c
http://6bmyiovqgqyp2trh7fltw2apjhdy7ynbmjdbc6wjlfi2hu25i5fvbfad.onion,DEAD,500,9.076,40a707bff544478f73499639bb7f1193
http://6iko5f3ikrgjtmafjyiusqcnlpixslmcdphll3wipqgfuivx3htd4yad.onion,UNREACHABLE,,,022a3fe855493b093694f0b1f83c8562
http://6a6fwisjlmobmlurpcphynkbs3vrwg7bc5p5wje3nzcap77rqwoopjid.onion,TIMEOUT,,,e664149ffaa92f24003d6cef20d57a01
http://6dvwekquishvpumzcsps4jhdup3knqn3ciyq6cjfbqnzngnej7lfcxqd.onion,TIMEOUT,,,b7dc72afc6c93104efbc6759dca85262
http://6hp37xhuff6vthkje52isntfsig3mwqyrzzl2zei64rqamq5rb6l65yd.onion,UNREACHABLE,,,2bebf8f7969d70516d943c71372c377f
http://7777777w6cvsyfwj2axl2fhnq433m2l4ykbau2nkeg24n4ik2k5k6vad.onion,DEAD,503,5.022,7cfe1673bb4e281e2d624299d4ec9b1d
http://6kqsfrd7p5vijxzrajl6ukwenbgdpxifgjju5brd252cl4yu5337f7yd.onion,TIMEOUT,,,fee03b444c9dfddff1069acc585803a7
http://6k3we35md6tgwz4gil3mjcezqjp3fs2ypwjyn2kc4m6p4764favrread.onion,TIMEOUT,,,49f2426f54cde0086967766a58142115
http://6x7447gf2mltvuc23lxc2m6ij5cwlpyboqpi7ds7p4osd7nxsjozd6ad.onion,TIMEOUT,,,9481e4da9cb4333319d313c19161c3da
http://7blgzekdtdl5syeimzxxmci4uupenke2x6u5euqbxkr5r2mplru4z7id.onion,ALIVE,200,5.08,59807b1e36daf9a10435a8401c3fbd66
http://6nmkdsunzav4xh55fmzxt6irimjdaiq552jki55zfw5rfpmhy4o4b4ad.onion,TIMEOUT,,,3cf2452ce0aa9a1be60d0504cad2a425
http://6x4zbmcvruoearwr6uvhpwdsxnbsx6xbqnjrvxqxya6mqt24m5zeujad.onion,TIMEOUT,,,ca6254202a186123dfc2f339d160894f
http://6riqnl6yvkiyzlwn3aagatv6s73g3mactr5j64d7tjkqe362vwsrd7qd.onion,TIMEOUT,,,2498304a0b9dcfe1fe6bdc4ad44489bb
http://74wvmuo56s6gcbzyzxlz3k3znc7gelms4mk3tmm3cah73ocm7wzojyid.onion,ALIVE,200,1.675,d55f87d986e28453d1892a61dca5c4e0
http://6qtlnh3hgkumyupjanujwoyth6kzpg7wxph5lnddord7ynkobzi63tid.onion,TIMEOUT,,,1afa6f86727e6c0f17e50a88a1149981
http://6zyr7jriwidtzlzdxlhwpioypoo5gyan6od5w3uy3iy7faqc7jqxjhyd.onion,TIMEOUT,,,315b4a61129ad1acd165eaf9ee2d6615
http://6wyvgarb3kht6umsqdjrkmwxhfobre24cr6bkmjszu4ngtuezjd45mqd.onion,TIMEOUT,,,e4f3aa508db6415bfabc0115c365afcc
http://6ycc6eunxbyjaeouuqyydjmoy73lnnpsbzswgfrltb3mniovjw2ojaad.onion,TIMEOUT,,,b609089e5750610f0d85632c987d1d5a
http://6std3js5hph4cgqekadmzx4nwivdncrsqwr4ecwam75i752t65b3svad.onion,TIMEOUT,,,92e4045c87dc59174348c8986d702280
http://6zegvf5235dxiuohqxy3bajzz3zfq4gmestqdfx64tbl6g4vjh5wpyqd.onion,TIMEOUT,,,d877a02a8d8648a6fe88c01d3dec64ee
http://74tnpypn363ez4bhn3uy4cpb4pkttbgmwtskq4hweoa2yhbwn6xhenid.onion,TIMEOUT,,,ad9fd822aba190e3871346e99ee74b3e
http://73ki5dyitcih7meni7iinnubmt3nzekiueq5qd63zrlpce2rnzkgyeid.onion,TIMEOUT,,,9d36c96f9354ad509ac8903384112534
http://74xyv525j34lgq4nocn7jvywkntaznej3vbjw3j43smgxmxmj4s4r4yd.onion,UNREACHABLE,,,d5e73b393a60f47b8de71d13777eb075
http://7drcqi7ae2v37ten6glnvoii7tgfm3dzolnnafgzh5gonfhil6xfpkyd.onion,ALIVE,200,4.342,93f5e62bca8289cdb496b39f80b3777a
http://7bjxsgg4x5xyxrjpve3hbq3dgpowjukrt5pds34xo5bvu6ndxhxnm7ad.onion,UNREACHABLE,,,d6efedb166c68d339dd054fffcd35258
http://7b6ulqqafcggm4lwf4nrf6q5stz6btyanmclsvavqsgbsfkfv6m3ckqd.onion,TIMEOUT,,,e9ab5d81b400bc1e06b12f065f7c1d45
http://7s5rnrtsisyqontkq7rkmmyzvqtxbkv75lytx3gs3inetpj7pbz7mzid.onion,ALIVE,200,4.452,099fa8722b4fb1becf353af944207246
http://7bsnqx3u5fmhdo46ubkz6cm4gac5l4ajixafrojpdjvmiqhqnuqk26qd.onion,TIMEOUT,,,2f4611c5e932f9d49dfadbe79071a0f6
http://7bz5k5d6rmwuruiwhh26vwr6floluxgllkj5h6u57py6n6szjol24uad.onion,TIMEOUT,,,7652ca1033b1b8e694200deed14f7ffb
http://7cox7cmr3yo45wkqglzfregaklr6agp3nm2llzfyiktutnebjecgt4qd.onion,TIMEOUT,,,62df0cced699539de8485d9e279a9f75
http://7csi2ogyueqzrxb6yiyllngd5kjjcaz4c5wiuxj35ukycxhv2vb3wsid.onion,TIMEOUT,,,5d03b56e97a56b338b07a14826c25931
http://7dro275fvuj3rzg6ienawwe5ad6qgugfdfmsxkv4vzbvy6p3itfgpwid.onion,TIMEOUT,,,5c6df64b553407b60085d177aff091a7
http://7f3jxxqold7o2hkjtzqpod7lulhtjlodiiuhzhxeanh5gnedgcrcs7id.onion,TIMEOUT,,,c205b70699a3db57a484602d936cfb68
http://7fn4ph27qarkso27x7wuuvptmniegq43bcdaeenjp36ahcbkzcvkigad.onion,TIMEOUT,,,7eb18c226d9f33b9efd128c84b23819a
http://7ijmtzmkbha4knkei7jrmjzmkenifji4wakjbjdvoikyvct3gbjx64id.onion,TIMEOUT,,,9ed7215398bb4b40551226db021bcefb
http://7jwt4f6bahznokpt5qgcqg4afeawkucqakrly7u2mb762pppa7mjqyad.onion,TIMEOUT,,,6a5e692f7bc80fdf3c4ea1bd88e985e0
http://7eefowfyfpnavg7kwrjyscmedjtybtgv4eb2shwyouo77ehkgqqsm4ad.onion,TIMEOUT,,,236ee27ad31071104bda80da76bd89d0
http://7jzxhvfaq35n4bokujp5xj4bupclhvzrr2woilz7t3267ofdcrqpnzqd.onion,TIMEOUT,,,d49ec3b141a896611a7cecf05abd52e1
http://7g52kov7fpfxpvfyi5bdoufaoui5yuyaldw7yiq23haotbezhb55z6yd.onion,TIMEOUT,,,61221437dc06ca09f4daea7bb36ccbe1
http://7lihihbhwzq6kzlxh5vt76o4rvfqc332naiuvytnepbamy6c2wijcaad.onion,TIMEOUT,,,c7d8e96a4452a7c5fefd148b154a0621
http://7mgskbqdge2st2jenuenrarfvlledt643wtxnuirb5b34lcc6hhmxiad.onion,TIMEOUT,,,d661d7eb8c5178e3ad3a1b6c478eeb3c
http://7jzz7zigu6ceqx2wzpoic66t4mkzv6ry4zfbclanetl3fx2yqmdfr3yd.onion,TIMEOUT,,,0710e0df4d0e99349e5afd682057baa8
http://7pjemmyxy3lcifaxawqoag6v4mefqe7qwfttzduiqu4pxkfyyikg3rqd.onion,UNREACHABLE,,,4f15138e52c8434c37a1bec525bc60e4
http://7nydflvdhxrxl76igypliddazd2pau4farg7rpuwszyrilsuw6pxmyad.onion,TIMEOUT,,,0abf7b7425cb6c161ac9fe6ca4ed9722
http://7qtcb6fge5qa277zp26amojftavt3zk6qxw2yrvnst2y7hmlohrogmqd.onion,UNREACHABLE,,,4574c8a4bc6b8946d170a083f7361ffa
http://7shir3rcqehvjapptbvk2fwizqaoysrybmjjxgzsz77kzairlij2qnid.onion,ALIVE,200,2.585,6070e5dc1d14a6b707207595f693ecd5
http://afeb3rnx3vjjfvab472kvst2cvgyr2r65ctk6ynghomwnitfurpyxaqd.onion,ALIVE,200,4.401,9f39abe489548cabc3902ed0fe4b35dd
http://7u6pme2uivkx6mrl4etxnio77jn7tb24ras3lx77owjigwf6kbeqwpid.onion,ALIVE,200,6.459,210c1bbe905d06cce6b032f87b0eb4f0
http://ar3py43gtmueuk7cjvd3halsw6vei7izqjfepiw6nwva5h7xiarwdmqd.onion,ALIVE,200,4.482,17a5ee8f7963813c6a4a14a4a9081703
http://7ws3mud3ttrvvhxzqmxr6h2cv3ck3kxq7dh7ctc7ycbpdv5fgsqhuhid.onion,UNREACHABLE,,,73fc57e0c5486627523670f513ac1b1f
http://arhnqfh5nsbhlitsveihjif2zgfbqoalnhgjvgtuotdj4owtcbpd5syd.onion,ALIVE,200,6.181,f7f8c2207ad3b805230285607f59dd99
http://asucl5heilqpmc2vwpuufageiclomh4rwivkrl2im7honwhaphqktlqd.onion,ALIVE,200,3.898,3fba015b03c828053d9381ee2211e130
http://asefy6qiee2a6ebhhjz6w5zjisu6q2njgokgoq5ojdnfr374i6blg3qd.onion,ALIVE,200,4.793,f574eeebe1428b9f68e3705b9941a499
http://a24vlkm5oufmdsf6uxukebvrs2tuzlwdtvs2lbdsi6xp45mcpuava2yd.onion,TIMEOUT,,,6809742eba5b09e4df0901f482bbc0a2
http://a2hxdblzrs7upi2ffcxajko6fgnyrcv3b24p2kowc65dbtysgl5sxtqd.onion,TIMEOUT,,,51d67eb17ee76aaf29fe979cf65b2183
http://afn7zeww4e6nmd4aefszvyrrna3l5qmotrf2voxwgq4jxwgoql4rxlyd.onion,TIMEOUT,,,192593bb95992ae099662cb51af798f5
http://a6yph2mqff7wufqmxe6sgx3vgk4ofsxuwiyudipdv3ywpzhs3c5ktwyd.onion,TIMEOUT,,,b0b176d36b88e7e57cfc24eec61ed619
http://a5ahsc2mvyxukld77rmrscu43k6ukyyd6zhoanhgegd23j3rye22q4yd.onion,TIMEOUT,,,1d4ce94676e11fe5ecb568315b8cb5b9
http://agc3xxwxsbqoqdgskt7zcgiq3hg4kp2ea42pcy6pfulm6qwbztr2t6qd.onion,TIMEOUT,,,dbf6200109b922bbe9ff5b349d3d1735
http://algz2gtinduhbzbnvk6bctqbmd6pcaut3oaxk7tzlgen7fi32glbokid.onion,TIMEOUT,,,57a16e85e40df4a4758b677be6e96bad
http://a7lc6otxf6fd2lwsqg4iph2gsiparruumvifb6la2bfnpiiimjccqiyd.onion,TIMEOUT,,,1872ee07f69fc38a7b106d89d006c565
http://agwpkuvo72mgc5gva5ign63tlzyul7fv6urpq26ove6ikbugzdplnwqd.onion,TIMEOUT,,,1e84d552d66dec962e997813b7f1992a
http://agqcqhperocsuzlqduuwwzalzatipgqpwor5uidyg3j45jy6jqtis5qd.onion,TIMEOUT,,,92f6612aa068dd48961436c4ca21ad36
http://akafycbbsezj2m56wpz6mlhcwkj2xgbw3vl64n42wc2uap33iejacbyd.onion,TIMEOUT,,,f1608380932d1ef84309b008dfb73766
http://aqi3h5sjpookr3gb2udj62xpsg6xnkdjyycmurpibkqucmtv7wphxkad.onion,TIMEOUT,,,1ca9f171719b9fb10864be9a935e2fbb
http://aq6n7iir4dlcppjyqyk74zknaxoo4qmj6s3ywinwfg3av35p7w7cwtid.onion,TIMEOUT,,,bdcde25b8ee7ab91d860c24f316b4392
http://arnyaoy3ukllol2bxonpyznf5mzvl22mkysvz3r5s7an3mziqj2b2bad.onion,UNREACHABLE,,,212bead3bee1ebaba35b9a55b5797170
http://archiveibwfnjismruw7g2pngpz3kuyod3wnun2sh7x3z35ticvpp2yd.onion,TIMEOUT,,,b66cf605b922fa1d83c383214a2da24d
http://axenk6b53vzexjqbcvtrlm4yw7qn6vuzlexvuqladwbd4qgynxujlvyd.onion,ALIVE,200,6.604,80ac3cfa44437222a067636ab8b9257a
http://axeyqbl77qpyattxarmbczs4zvmcf6x3lprx7c2us3wgmyll7uzi6rad.onion,ALIVE,200,0.87,7b5fa0b88e5ee7b5556a86a4f9955e56
http://attlhvvylowzdoiwifn7il5q6k66p5mwrrvjswpvlficjqu2kgngq2id.onion,ALIVE,200,1.074,6221682429e18c2e4732bca186ae5c9d
http://ats7wkrceeblaihmqwtiry46zsp4gqxx6b6oi35dqulz4wzr4cjpu6id.onion,TIMEOUT,,,e34320e5b75bde6fec45cbc34dd08463
http://awi63fnvuosrtih7kkvmopyjh25r76bs6e734rxinppn5mujdxqth4id.onion,UNREACHABLE,,,25f3b596383afc0d45d973ebd68eedfa
http://bivpam64a5tfsywrutkoa3kyr5vplqqgx6kadjlxlosfbrv7jiebpjad.onion,UNREACHABLE,,,d487e7bafe4dcc6a1cc2c9f6a751850e
http://axpjfufufamabewnakikpd53xmao34xknkcebtznyytqgoyo3tqemwqd.onion,TIMEOUT,,,50758a5e084ad2c69da99f08087fb881
http://ayeoajc4oguwpw2om4ibr3y332q64nvwgj33vojscl7wt4dkkzfgxlid.onion,TIMEOUT,,,b96f3ebdf4a52d7feab214af65793d7d
http://b2trdr4r2i2hkitg3ini57jhjyczpojkmw7dvuec3cyqfuhayvwuv2qd.onion,TIMEOUT,,,1c4e7c3e5def2ddb47a5420ba078959b
http://b2v4zw3shlslzr2wisptjaxea6fafbrcwpijtcpvr725aqychv4ugzid.onion,TIMEOUT,,,9b86b36423b925b86ee1c5d32b1e77a7
http://b5o6cofcpivdtztbd7x32vtclqm63eqfxs4mq644ncp4fujywknlmrid.onion,TIMEOUT,,,b0bf88ea36c0a268d16ab9b5f9345182
http://bankor5ne6dxb3fdwxuc5uuqyq6fsatd33cdyteawo42zbbemb2nscyd.onion,TIMEOUT,,,680845875aabcca425ea0d46abc4a9d0
http://b6i5j57q5gznt5nxrapo7l3ij4o7xw5lfqj7dukgg6ycz5fklhq7iqid.onion,TIMEOUT,,,810e833b3b184ec45b72569a380ac76d
http://bhisvgdyaz6awjjm6bnhrrqp7g7gpudhbsuyfs75ywziymfwam2dofqd.onion,TIMEOUT,,,6980ea59d810153d2f9e5bbb0a7d78f5
http://blynw5akekh22rwdlacmfo2zdby7jqncyzqgrjedhfwxthvnimt6aoqd.onion,DEAD,500,5.753,8ca09c9571bd27cc3150c37d3d1493f3
http://b72pbt4fsawqnjz4kwot6irtt6vuor4bgzwouudum2yiidqqklrf2gqd.onion,TIMEOUT,,,8351e2b70effdd9224db570b682b7304
http://bfcpkxazz7ik2bdpnsym3idswtdvw7m4drqhd5r3kmxsmy7cvzrap3ad.onion,TIMEOUT,,,29c499370127404dfc365b472dadc61f
http://behhb5ijr7i3xzrfpx3ot6joxoshkwetk7rh4kvos2guto633ky6nuid.onion,TIMEOUT,,,58538711af56e8b22a702c608de149a2
http://blueponyfdt5emnvtabzgfy36bwakan225x4fxvttgt2ov2dbkcqgdad.onion,ALIVE,200,1.141,b317062631122604d4b4c88ca0ded200
http://binancewjsl2mir7n6zi6i6lrhyuduhjgtdvulb7lixmuqlrt3mxj4qd.onion,TIMEOUT,,,034461c08138907b140c3173ba8b057a
http://bithack7p33knjcav6bvnxugunoxnvn5t2l6wu7dgas23gurl3xsdkad.onion,TIMEOUT,,,741e57fc1835c30a1a8750f0613f88e5
http://blackip3dcaparbsv5mleiyaamzodqxtl4d2yjh3qi5yjj2njxjl5vad.onion,TIMEOUT,,,078cadc357c89e8a7367b4b268670c3d
http://blackops66p7edjocooiipudvefdhupk27pi4y72iwnbbjvccky646yd.onion,TIMEOUT,,,eb9887d3be3b5afffb533aef4bb14990
http://bly7ivsd7a63kqqguacda4parvaaz2saaoeo4n3uja2z24nmwkesjdid.onion,TIMEOUT,,,2b1d3ffbdd28599d40faba1cbaedec10
http://bnnwmunzugh7emoqzmb2kgi6zi2x7yem6j6jzt6a3h2xh57rl2cguuqd.onion,UNREACHABLE,,,d5a99e85d94de5039d3b949afda10669
http://bprco5bwsmat7r5r4amyg4chuduzo72vjhskiuzrmpwdtmjbllq6ukad.onion,ALIVE,200,6.337,bd367a781450da1f7851e1d47d0166eb
http://bmguns3czh4rhw4a7lul7dr5vqxrjibi4zvh45c2led4gdg56hsn25yd.onion,TIMEOUT,,,39deb413e80d424e93c0173978c1efd0
http://bo3ldpfvn43ppr6plewijhqdsl2qsxzo22kofeuxbfzcuy7fylq5efid.onion,UNREACHABLE,,,a45ca2985ab32e1fbe0afc7910a41b12
http://btcgenrsbjzyfe6gcqp4ov64ymcht267p4tpvnl5na36e57tzowfszyd.onion,UNREACHABLE,,,c015e9e411a1417b3064ad640c009239
http://btcgnu6zhi4twsj5ajy7lunz3lcfeo4tsvk2fpsskovqxljyxssqjaqd.onion,UNREACHABLE,,,2278e76bca0a2e0907a6bdb3332fd0ff
http://bqqujemgbar72lspacjlbsxxj7r5xmfn5uqsln5itnukig52jt5wx4ad.onion,UNREACHABLE,,,426eb3115a6fc5756d82f040d0d74547
http://btcgnug6zkfw24xdjtprzi3mx2b2m6vzq455tvoy77hcevsclqblivqd.onion,UNREACHABLE,,,f98f86cc48b419951ea52131345f1ebd
http://bp5v45tmzf4thi4kgzkf7trvwbv4sptgfjqvgwplpwbib5tj3f7hkcyd.onion,TIMEOUT,,,1865271ab46139264bdffa51f2054c50
http://btcmix6eu7avrvyy5t2t6y2aofp3ih5ioimtqb3vdw2vtl435hcuocyd.onion,ALIVE,200,4.145,ce79b9c33ec53a2e72f03fb22f1fab15
http://bsldx7bbst6gwbboxe4ral4mw225rnj5zga5exxfucuwvyjxkrq5vnqd.onion,TIMEOUT,,,7aa25d8c1e537291882c7e74516d5263
http://bvsgnw4vukacun5pja2flwxcy2qv6pofwn5uikspibinkldn5pz7iiyd.onion,UNREACHABLE,,,55731145ef610e9b2159fc297d0279ac
http://btkjecjvawej2eoio42e4ihp3bxvqmf3htkgvet4ybde3zfvkrui2oqd.onion,TIMEOUT,,,8a6a8489ae6a02407c6c50f135422310
http://bu67n3utnl66y4lo62r5lbob3zftajo5j3y2buzoaznu755j3bxvblqd.onion,TIMEOUT,,,52ffcffb0fb6266dc0a6e02130a8655a
http://bv2ed7jobqtlh6hcnktjve26v54kjmuchi3ylg6culcqodauza52unad.onion,TIMEOUT,,,f54a9251c3384ecbcb3b4db72503dab7
http://bxbgeetezra56nra457r7uvxi2buyytdn5mafkptew6avcogd7ccqiad.onion,TIMEOUT,,,294921dbd22c86d568d06930474636b1
http://by3he7xzsc3i7glkeac4yy3sa3yvyqcpqwblwlc2snttolqxu4s4i7qd.onion,TIMEOUT,,,e1e856609fbbcffba069bfaebc4c8c9e
http://c5cgnmmm4wbpn4flb45id6hkrlv7zgm7bnlo3gsdebe3hdtlir3dxeid.onion,ALIVE,200,4.257,a16317369163c21e818b2c91e174d151
http://c7p6vlri45fnj7sfvkao43fvldkkf6im4zw5x6o6szd7dwsnyrjojwad.onion,ALIVE,200,3.671,010c59e29f13220a6af97f7a2584645a
http://byxbpbbd23gi6dbfu4qsenisxgdmnh46l5bn7wgy3s3uie4zobgqx6id.onion,TIMEOUT,,,183aa1e686b0d1d2e26908654c0450ed
http://c3p5r5gxnznsmqiuhrbbfiamnqg3ibpufuqdf24jy3aluhq732qdhnqd.onion,DEAD,500,2.812,13945bcd0a041d5ab07cec4089bbbade
http://c32ux4ncpmwjf3mncfqnqc4ugpwsboobskiyze6ugm2n6qqnsgtkvkid.onion,UNREACHABLE,,,7f0ad256ca0f79ff739a8cbc6739fbea
http://byyhcxzyaccr2z2xlvfc23dctl6ayf56a7lymx2guagxua22iueqyuyd.onion,UNREACHABLE,,,2472eb9d1232ad4c7b0e0821b2071ff7
http://c5kt7ohmwrekaj5nexrou5zm2feacydrpwwx64t6rrrofhfgdwf5ibyd.onion,UNREACHABLE,,,85fe53f6822749192212af461887d597
http://cardpl74ltmwe4o7pgpefljcng6qr36cnn7gzer2wermedxz3volxkqd.onion,ALIVE,200,0.888,37cd637385651a3f0a89175bf9d8c9bd
http://c6vhkvfhskh3m5tamgzfcm63yeiueenwu5gfzcjq3g3ron3wer34qlad.onion,DEAD,500,7.674,b620f9f8dfd9ea01f6c5f88c196711ba
http://c4ba7u4qprkjb6hbb7jhbr4usesthu45lcchjxw4xw2uangv3r6n6vid.onion,TIMEOUT,,,b94f36dc1af1e90b2d54261fb6166774
http://ch4og6fkyatwzyussnllww4ccjrvsl3fxs3jixwfnbcvy3kopvzlmpqd.onion,ALIVE,200,5.115,07a163f7f003ff94d67f4fc1e488e07c
http://ccvendoqg7e5ej4twbhf3dlt3zfraxehk6to5jcvh4db5olunkfwfwqd.onion,UNREACHABLE,,,c88bb37587d73cc91bf7a2047e555b63
http://castroccvqwhac23xaqdaztfd2i5gx74yh4wpbz6p2fxsyioecweo6id.onion,ALIVE,200,2.018,749013c9dd71b6f9c7ee3bf5d7ba2e33
http://candytubmfdlsm4ixahngchsw2ay7n7qpujxxgtd6a6v4fv672g576id.onion,UNREACHABLE,,,bebc82a4be1a5e1129bdf992d7373deb
http://cardzre6lu4ll3vyhverjk3nfb3rydpcu4wmxlwuvtjvl2b2s2c4c7id.onion,TIMEOUT,,,ea4cc1f917c9f348e0d73fa83f821864
http://casp6yeqbmsftdvtk45jrnlk573zhr625lt4uvfft3q7lpsngf4c2vyd.onion,TIMEOUT,,,e7263cb071638f9c4d784742178e6ce7
http://cazltl3q3tgwzxhbvbdvff54igautgd3ydl3gzjf33wtuvgc3sdmfkqd.onion,TIMEOUT,,,c5576adf1598ff4af2662a17e400cc9f
http://cecrtebuwlcs4ckhrbvrs4a2bjdgtqjlww5xsv4wqm7kue4dp5pazuad.onion,ALIVE,200,4.135,f69abd6b577f9fa039be0d1871e79bec
http://cqalu2d54lhjjsavvtzq3jg34i35pdxrvfsjnkgaeiuq52ceanef5pad.onion,ALIVE,200,5.325,ab4d4aeb65dea6a2d1050318f1c35caa
http://cswlgmauovovrfah7zfoqgulwtsskp4kuhsk7w4ae2eq55wqvrm7swad.onion,ALIVE,200,5.011,013655130127852089d50b0e457c4f13
http://cbgdj44zfcvmx7h5mc4j3epzqvodr7k6jxucez7akxltq5q47sij7had.onion,ALIVE,200,5.327,57e9089c3cd86382a59fc126262612e5
http://cioajh4r6l7ci6xvll22hhpiolze3h3olv5eafiutk7lnrilcjrn4sqd.onion,DEAD,500,3.768,a164d294ecfe0890e5271eb0f64a3f2a
http://cylsxvio6754uft6rkuxrpjqvyt56kuxigj5ql7yttg2plm4k76x75yd.onion,ALIVE,200,3.954,f0827cdf72627e04437f9f14ddce573a
http://ck3vlklvbycjerkg5kanyynj2qmora3b3arxmv6lx6obq6zeolmfq7id.onion,TIMEOUT,,,0a4fa4b6e4e025ae9f3d0cad39ff9d15
http://ckrwn3jtblnio2c2otunt6vkyryhow3lyoz2b7lixhutqetvwdk7vnqd.onion,TIMEOUT,,,e5bdd26369b6911345f55c8f8e7aec77
http://cmyjhagm2ykuwz7lte67u7g5djjsycwxi4uqpvhk3uo3z3jubh5c72ad.onion,UNREACHABLE,,,98ee76070c4fb3f8fb4ad37be9f65ede
http://cbwdj3oiynkiuyzc5c3jnzsamgajhhc5b47vmzavqhnnw23eyi4rd4id.onion,TIMEOUT,,,e5d00f314c17e201da09ab6e974afcbd
http://cdq3uvuqd6cgwtfx3zvt4xclycq6hwlbko2ad3hxeljzloncsywfqgyd.onion,TIMEOUT,,,4c579dd74f7bbc6a14ae78518dace651
http://cmexhxdv3eh36epqkelefyxremthwl4yms3jgsdopkka45tftmvuwbqd.onion,TIMEOUT,,,16e9fd9e4ed0de715889e2a7ca12dbec
http://child3m5kyehpwh2e3fmz3pajsttf2vaawpi4nfklovrxoevb2a242qd.onion,TIMEOUT,,,5c25e24bb4d8302cd0812051c2b96b80
http://cq2yjahufv27wokevjsdxn4cjc5jsazpgc2btzxgja4d6orzrzucudid.onion,UNREACHABLE,,,9f2fe40f01d3762f57808e899a83061a
http://cntfrckhjzd2cma2qi656tlanl7iphlmpq6zvedibz7dvq63auc65fid.onion,TIMEOUT,,,5cf4ea328e8f8c6f7a8fe3aafa0a9e98
http://cw2jujihcdsadxgqz46fxfyd6pkv6ylpf3twdscu2xuyujjncwiu33qd.onion,UNREACHABLE,,,ea6f1ef9892792943c4964af09b7380b
http://d2mp4lqclxlt3k3zsd4rnotblzcjhl2u6ipsmneyqjivtwti2hwpo3id.onion,UNREACHABLE,,,7cae13588f1196995cbd96c71344c6cd
http://dcmsxzh26ohgq5kcfto7hnd4vxkhflbvr4wvbnge2uvv25h23f7ykrid.onion,ALIVE,200,4.087,c4d99b95cecc3f3b6f45215a27b8c64e
http://dd3iicl3amveidv3yallgwqqp67comgbhvno232b7nmobi6wuomsfkid.onion,ALIVE,200,4.102,6aef94bb4ee8da78319c9a4514e52593
http://d36b3gsqxkx43a65f23sujurplveduz34oykbyom7o6howsotx3rzdyd.onion,ALIVE,200,0.848,ad4294095dbe89026b7b99c8db51582c
http://d46a7exp5r7wxwa3fckgx2aqgssbdotc5mmlzcgsrt227cmmh6ctsayd.onion,UNREACHABLE,,,a74fdd52da820fd5e65a651478842193
http://ddyitgpcjhpxcg24qob4okju5v6ub7y5c3cytiakcglpwxifyvmahlid.onion,ALIVE,200,4.047,6cf9965cf5fc940908088d72157d14aa
http://d35jqcjba6chtbpv2ycjxvsoalqz3tkcmyxsd74ats6jqnssqe6yskad.onion,UNREACHABLE,,,c3ac7a1c256327b1c62368c75f47ffc5
http://cx26ly2wl34qcycvg37zithg43qk2fe64a4o2n4nai2b7g4an5jmgoqd.onion,TIMEOUT,,,78f1a6c7bf4324f91f22ae4b701a371e
http://dawr3rb3yaaehogrducbqowe6l5giydiesb7svscubiyjgbi44vuy4yd.onion,UNREACHABLE,,,a06b1e3b84477d4f71d24c27b75b812a
http://deepmaf27duu6f6ivg2u3ais2kqtxoizobg6nsalo7ufi7djbjwz6tqd.onion,ALIVE,200,4.283,d7f2248af323584f31b81aa7e787e7a1
http://decentrae5gihfutuu5cex3udghlg4vulnfmg5ecbbe7iqsxe3fl3gad.onion,ALIVE,200,5.131,251463f5e49ef8d01944270bd9358da0
http://deepma5j5tv45ng5p7n7nm6mbhdar3ssvmm4mtzhbqh4becg7dhlqcad.onion,ALIVE,200,5.413,df163cbb03ed16e1952787cf407fc89c
http://dabgwq5l43kfxf4667rswyqg4q264hsnbnf27edx6dlett5mt5d53iyd.onion,UNREACHABLE,,,18dc54e7251423a228c39a7ccfe77a21
http://d7upwka2j5qg3cdwvyib2filkhod5gsggzkg4b2vu2i63fygpdykixad.onion,UNREACHABLE,,,8a8281504abcca215442f0521672e30a
http://d4u6p4vwufnofdsgcectbbrna56nxdai4r7pp3tpjeahpup72orrpkad.onion,TIMEOUT,,,c7a5b830b8a092bd15a0c5e63b7a61c2
http://db7soifgwgss4skgbgt3dmmrtt3a4rx6k7mve6qtkzzfalprq7s4vcid.onion,UNREACHABLE,,,4dd9132daa8ded5f40b12f42305233a3
http://deepqelxz6iddqi5obzla2bbwh5ssyqqobxin27uzkr624wtubhto3ad.onion,ALIVE,200,1.179,65ef6a81554ccf540de3cd4e41eb3358
http://ddud5gfakp2kr7v7oiouwx2enwz3kxgqahdexx7rtc6onrrmrlyyclid.onion,UNREACHABLE,,,e82f017b119535970b83fd203cbc39a3
http://deepmarcxr3lklyjejuxkfe65exx54srsfay36zmpubutrmjqdo4w3qd.onion,ALIVE,200,2.742,8f0257432e4cca36b4753791a8a33f00
http://dqsr4uue7okdbd3egl5q5aqrwltyclo2cdkatg3igtpmua2zeclwp2id.onion,ALIVE,200,4.449,237fd4fcf8751f55e369597bad93551c
http://dmgdnh5mh2etjaxprblzwfwjnzjerfppwhw656qdggtd5axqjkwu2nad.onion,DEAD,500,6.06,3be3b4831f6d5382dadce58897864e1d
http://dreadz3g6qzw6sciun2dxi2numera72vzlerhfcd3w2jaz4zsuvvmcyd.onion,ALIVE,200,4.376,5413d472229482b189708506045f2e41
http://dpdsk7tjujtus3qex4g6zejdwe252ju2u65i6hknel2oescf7mgfh4ad.onion,ALIVE,200,6.029,f47ee12b278bbd765d87b1f6b59d4376
http://dnmdirtaq5v6tw3iwteur445warjbtzrwodcixzgry5pn6wjhv4dlqyd.onion,ALIVE,200,0.983,c46aab47939bd39894ce9c3ce930fd3d
http://drugsnh66tp54gltrlogyj4knxxcbmr5y33km42ayh6ju5mxqfcnslid.onion,ALIVE,200,3.719,b7adb03797edf23749549953d5208d72
http://dyrvsaeypiv7yznkfbngffjzotkkdk6l44c5in2pvoq4boytzrnq5uyd.onion,ALIVE,200,3.245,0daccd16ca4cef1c874995e2fd4f9842
http://dgypdce5ymmk2kojwjaq77yvdp63qpslnnsbmnwk6h6c4abqpgl2owqd.onion,UNREACHABLE,,,6be0da79c17103eb9b8b5543042990af
http://degrbidpdfd5txa2ebzwf2qkkd4bydju64nqekfnyioyxsjre3lc3lad.onion,UNREACHABLE,,,b9c97ba7de86242b9991144304cff117
http://dnhbzrk2tkly4dopi5bh36idnutbwf2ntni5xypyhayyzczoxovrkgqd.onion,UNREACHABLE,,,d830c33f05d89dfc39e899ee3c7ff116
http://dhelob7octozrjbkpzaap3o7x5pjm5p6ffdpblv2kqmatfk77wsk76qd.onion,TIMEOUT,,,3bdd2333c384bcf0ff67ceeaf64bbcf8
http://do3xhuhsvgpq2szmasl2mzotu6deymkyatvhmz474xckgjgzaozbwfqd.onion,UNREACHABLE,,,9412d726573651ff3aef4b9693312f8a
http://dlepo6jtd44ff2xi5flrp6i3ouuovjyuj5dpgfc6to5ia5yokh7oghad.onion,UNREACHABLE,,,3addaceff6afc6e6bbc32975e3168eaa
http://dlbphwispydt4uljuoipqaviao4dynurlthh7vtqhmn2hmy5kcftxwad.onion,TIMEOUT,,,a7ea226f8e43d5050b39a2bdbd87a455
http://djdflwxyvzv5orq33xsra4hujaswaiohx43jvx3fi7n2n5yhytt4gcyd.onion,TIMEOUT,,,411a1c02b89d9d3f6b3506aefdd9805d
http://dntmmio2slbkgkci2qo62p3ga2ka5mrhudyv52qazf3g353w4y3mlcid.onion,UNREACHABLE,,,6381018b6ca9919dbb0547256b21ca5b
http://eisfgecw2g6ufvr5nszrkjcey6sgwmr6g2cy7zycheezitbcplggz7qd.onion,ALIVE,200,3.886,26b0b866ee005e09062f6300f75795f6
http://drugj7dwo3ryoackdstzxrxgnmkoevrxtfm4ru7sgm2egzuzpnsmkyid.onion,UNREACHABLE,,,37bc731dd2d99e8439d813160b65c0c0
http://e7longm2e4jesjup3hoeuulip5xy6fsakzcrkxksa4aewavhxcf5gyad.onion,ALIVE,200,1.064,02bceef1f8e9dbaca9845d8dc93fc8ac
http://ej3gmhdbnkdrozkltfqj77auyinlvelz5sqykb5qdfmqdv6bq5itqwid.onion,ALIVE,200,4.569,5fbe136d7a04c62c699ee2438ea46cf1
http://e44trjrqlymvn7ifn77czuo3ksbmkm6257p3a4qgxkhp7fexh6h7idyd.onion,ALIVE,200,1.68,8a8aa8fb51047aabe0009ffc371c320c
http://drugaxie7iirothwps3kfe7strgpelugstnqcodcxwz4mjbeasv7qlad.onion,TIMEOUT,,,cdd1812274a957efa0fb001af7f5b870
http://etc7zy37kocmr2szp2okyo4kt6lzpjwlliv5zoohmm3dscgzt3zjeeid.onion,ALIVE,200,4.817,5efe694814b2bd09e1c989731e7a82ae
http://ekqr2jjvk44a4bu7qda6wzmqq2iaucmpiqb5ysr2icqorwewmz2wz5yd.onion,ALIVE,200,5.806,d821fd7e3a89c5a5aafa1a4946d21ae6
http://e7nkzth74kcn6j54u6a75pbh2q2yxjsyramuta5z7seix26gnpsq36ad.onion,ALIVE,200,1.668,38752968475c320f070e3449b40b89e2
http://e3olmomoxvixpcko7xh5ylgsucmnms2qukowgqz6lbqmwpqigbq2kxqd.onion,UNREACHABLE,,,f4f1b1139e7c845a188cadac545307b0
http://ducd5ar3tcye5baxxukslmc77x7sseecglirmropka2ye7u6rtjkxqad.onion,TIMEOUT,,,1e7c0008df1a33f0beb62ce6120a3b38
http://emarketzhfjehkqd53lnjgmtvbf7tseydias4rjpazwifiqcotoi2gad.onion,ALIVE,200,2.076,76a5f943b0f9f4d98bf6c9d455932cbc
http://fh3dttouqfr6qgxirdtsprt3rzqe7zrvqvi6issvdxkz3kn2qdkuxwid.onion,ALIVE,200,4.536,17d0e98231f687e3ce3bf82576795517
http://e5uide56wasp3alyzcz7m7wr6l65g25o6ukiilb32szzzdalzj34llqd.onion,TIMEOUT,,,b997e9c0aefea5716f575c86b81447bd
http://fksfb7pp6kuc4tm75ic43d5nhow5stssam6gqgzwnutzw7pircnbbzad.onion,ALIVE,200,5.288,f1d063fc5ac7129f83c5520ec099d6d9
http://egkiipbr35db6dxoqsziqxrdihaoz6tqnxb67ul2ng5nawjqmkss3yid.onion,TIMEOUT,,,09ee7ec39e7d7d3438924681d9379855
http://fsr6nrmro5pvpnbolrp5kb6lw3ogdc2glgjafan2fwogwwvpxloxrxqd.onion,ALIVE,200,3.774,636e7baeadd6eda3b130e24a938cd1cb
http://fast2cfkxyyzozcxh5jvogu7fclilq5oglagtr7ru4yvuzskwviv65qd.onion,ALIVE,200,2.395,fa3cf9e5d6acf5e1f2df11838e5b9247
http://ffhdde7s5jnodeqdnuiroe2ccpxzb5olonj4sguebli24zoobaniypyd.onion,ALIVE,200,1.306,f091deb574146202b5b5ba42668382c4
http://g5tzcdsprnumaa7qvmxoxfhiozab4ol2gsxpqtig5o7xueom5dlejeyd.onion,ALIVE,200,4.355,e8c4f2babe3253be71f84395597231ed
http://ezdtibwdlm54w4efnbcgf36pvxkecjh6dietvvqr3uh42iumey4vseid.onion,ALIVE,200,3.119,65be3621ca07ec1de9698f2f8dba1875
http://fmdc3w66v3c3ggkeerc5ml2nhqx7reiuswtp7vozcucgrejaccokzzid.onion,ALIVE,200,6.662,bb873e6fd2f152d6b9aafe2466d8bf73
http://escrowazmjvt5deqke3etwtrwcn3kmpjroqwht7fshnkouqfqvklk2ad.onion,TIMEOUT,,,ea969a93dd88b55857b02824e74da506
http://ewheolx6yqtlnwieszjeyapipfdwhklpza6c4gdgxavsat5cu3vvkgad.onion,ALIVE,200,3.547,0bb52cdd7cc9e2576ed69c38810f2e8e
http://en4qe3g54cct3o3bh44ztwvy2l4nva5uvn5yxa3odfags3duzsb2bfid.onion,TIMEOUT,,,23269de12ca50d6caf66a9fe164a0444
http://ewkwfrgpfkijoykpijcpxma5qwumvtnwazr4kmqcvupnfxjcdrtbyuid.onion,TIMEOUT,,,d7e49060463a76bc220aca1cbd148f18
http://gah4iiefy5ed2ffw4nquygjyvekllgvdt5icc2x7vc3rcjgtlq7at5id.onion,ALIVE,200,4.464,eb245ab08340c6a16c6a696170d7bbe7
http://fnlwtrst5wf4m5xgovpz32bjtsi6g5v624wa747a4kwakzwjazfbmlqd.onion,ALIVE,200,1.265,b1e1444f85d02048d78fbd1c3bc85e87
http://flashy343syzb6o7wbsbrwcw6kc3lzr4sefcissp5pfuwmnzdbt2iuad.onion,ALIVE,200,2.824,d572e1f786daa224c3b9f6148124c71a
http://fullzyr4dnfmeo4ydzzmguwd7rennwaevvfvoms5up4odd7nkgbcbcad.onion,UNREACHABLE,,,a1e0b12f8820ba552b72b843f4409612
http://foxmfkimetvc3gsqzkw6pa3z5tkakd4fpzkppv2rhjjtahibhysoz3yd.onion,ALIVE,200,2.213,1c5ae373ef6559af7a9e80b0c27c70ef
http://gjd67wpgytacylq4ib3kwfgqh4w2x62maru374ohxahvociu4txjmjid.onion,ALIVE,200,4.379,08acaa1183ea2577f633ecc35afd7562
http://gjrvihinfpf753hxufzao3x6m3apsmrupt3cjwskrremsh4eade7p5yd.onion,ALIVE,200,4.364,9cf1e4f46ac915bd0364e99ebc5586fe
http://g6wt4nub4q7zh5nylzu7pzep34inyuqkgfa2ayscgxg4fhqsdq3c7uad.onion,ALIVE,200,6.366,2292a516560d6ae24676330879db2a95
http://g5vr556iycrkhwzuiiarbevfcem3se6rzjn4lo6ajut27lwydjaminad.onion,ALIVE,200,7.556,9484fa9614106cb811a64976e7cd4034
http://gx5e6nwmj33w3ki42ztzgutt4mqs537awewdwhodmydlkkynjrrhtkad.onion,ALIVE,200,4.047,799d35a479e7240671f835e8ecbdff99
http://globaluttyccifnkid64jw6a33rgkz3o66ka7sho2isispn5xan3zkyd.onion,ALIVE,200,4.89,331c56982e28fe5320d4969dc496d320
http://h4o7shwpvhspmx6qwzcscaodbghwdc4qfyswmu7csozucr2bcm5wlbqd.onion,ALIVE,200,3.482,f7e42e50b888bf3502f39498f62765e9
http://foqsye24gv3hfhzlkjnbtgwehoqdyag7ftpuxvbodvugvichytfvqnid.onion,TIMEOUT,,,b5703330d563b71e668dcee321d488df
http://h7bricixyg2674jatvz7fkurg2yof2i3wsmtqcxqv6anxl6mb2mtt4ad.onion,ALIVE,200,4.504,be079195f3462296820ee0cdca4b896a
http://h55hawf45b456cilvixfcgwdbtfghlxxdvhsu7aqizpdasvjawbc67yd.onion,ALIVE,200,4.86,852cb3cad4c6f3f9c457273c509a3248
http://gfm26m2hypvmqsjr4ctjq3zk5uzczin3sjqvu6vmtu6h26zy2mdhwvqd.onion,UNREACHABLE,,,28429efd561c41ca41ae07669fd9e2b6
http://hackerswxbeq3ikoz6mhnqh4dlbgnn5o7jmmnxf2tqobjrmfut7d4qyd.onion,ALIVE,200,3.618,c97be583a55ca74ea8bb26ffb6bf9069
http://h7eue45libgcovqb4m67wtesqwfwo4dalno2jsjcm4z3jnbpqkc63hid.onion,ALIVE,200,4.317,92672213067c16b7d07038500da02b88
http://hjbyqesjogfjxhqo7axadl32rxxmxa7zthdmsw3xrtw6bxo7eetzckad.onion,ALIVE,200,3.625,e197dd633c7884ee4938f0a9a3e33575
http://ghmawfauo3uiwkkleuiznizg4237xwosacjjpogvx2sk5oq2nkwjlhad.onion,TIMEOUT,,,4f332538defb1c1a9d5c4a53fd00bc71
http://gi44wm7rerjit64utrr2sndjt324evgb3lhiqnw4r4ghnnpjpbcht2qd.onion,TIMEOUT,,,905cf6f1ddcecad718efb99175d5788f
http://hlhtlnbqae7jbmc5lcsbmntlqwpd2r5cjwvax5qwwqyhc5m7df4c22ad.onion,ALIVE,200,5.576,2f7c37102a4a9ac87f548dc8847db566
http://goodw24xc5xstlhgi3k6byyuagutvnlzv6sdcxm7x7iymjhxkbzyagad.onion,TIMEOUT,,,01357f4dfe772de06f7632f7e51fdfda
http://gqwak27ypbucqjz62h7zlcebftu6wkzuc7lijgo6xqng5tfu33jz2lid.onion,TIMEOUT,,,4a6553052db01b45b607c1c223e53758
http://goodnipo2rgz4kvdq6ywgztf5uujp6lfuylaumbkleb4admz3cd64bqd.onion,TIMEOUT,,,0d576d44be38f91541eab4f65ba708b5
http://goody24yicxe34jmysg45yzwvfb2rzgfwfutbufesbjxlxh2tszemqad.onion,TIMEOUT,,,1ad59c878ab606ce87566bc23f933fec
http://hs7tbkccwpc2m67yczllysnrg7i4ct5xaponkzyyftplg2wjwnwo6fad.onion,ALIVE,200,6.488,da8df480cca0446125fb0cf796b7a709
http://hs454krfm2vti7xs55qnutkhcgxiinzgesobi2qwixu2rythgxxvckid.onion,ALIVE,200,1.011,9b0431f40f767a5e9e9304077eb23058
http://h3fds6mnazwfqa2i526wu44nprydpvjaxtwrdjpboksyi35ep3lh3jad.onion,TIMEOUT,,,0bdc7625e696921a93282f6daddf0428
http://h7zuymul5ykogqjdx75u5yjkzbxiey4wkswlw742u4f32x5oeqvs7wad.onion,TIMEOUT,,,8eb6bb45f8fa0549be1c4fc641e38326
http://ih7vh7cd34b5d47frlubhkgcy5fkvpkgwhqjzt3uaxqsulttggx62yid.onion,ALIVE,200,1.322,0769f954c3014f2b5c84083f429cc35e
http://hzznwgepjcgq2d6ojtpprvkavegyzw6mdfjjtpj5ghcvtjozgj7vxqqd.onion,ALIVE,200,1.916,6c4a815c710fe79c8e047c345bbb2be3
http://himfzxwepp62333uyoi3sur6tdojylauld2v6zo5wamtvvcbs5puunqd.onion,TIMEOUT,,,cf9d5e7804d1624bfbdf373f636d0482
http://hupp32vjgiprxuev74abn3lvrkjp6zjbdk7gijtreapwag4md37qfgad.onion,ALIVE,200,2.343,df130b9de2ec08fa82cabdb9331bbb2f
http://jaugrwtakbguvsezqjlfmsukt7ezxf4l5svbb6idtphxprzl6oi36fyd.onion,ALIVE,200,3.513,c49f6c1d2fac2c4d228612c8c4e5b1b0
http://hpxuod2il3ds6wdtmdvuok55aufxadk3rk75mw6ooljogs7ah2nhmvid.onion,TIMEOUT,,,60ecbcc12a536604bd83d68d53010a4e
http://i3xi5qxvbrngh3g6o7czwjfxwjzigook7zxzjmgwg5b7xnjcn5hzciad.onion,ALIVE,200,2.516,d865efd4ea0533e4cf644c9cc7efac59
http://hp7geceb4bpe4jbseunfgmtxifea5sbmqyj3vl7jdsz3v76cne2gbcqd.onion,ALIVE,200,5.174,ad50355ae7def4c18a04f9fd02b5e30b
http://hsud2ay4syec2nlndryoovd4l7f4vsae2qr6kvel33ybnwdutxgkd6id.onion,ALIVE,200,3.897,0471929c7407fc8a2954f65ecf1889dc
http://j3rkdng5c4hsqu3hzzschowkcbxu64dwpfndmhvqnhzuozqztpw3t7qd.onion,ALIVE,200,4.518,6a9eef55f195303a050166d133cbb391
http://j5bfrf7em5tebhy5clwu4xd7bksh7n5w67wltzsoutxz5jngi4oxmlyd.onion,ALIVE,200,4.744,b214539e456e22c804d04b9fb0830b20
http://jl6h2stmxnh3qnic3dsi5e2am4xbmwwvlxd3vzr5rcgcjmvvmom265yd.onion,ALIVE,200,4.465,9b76a56ce7f9b1bd9b38ae49925c5896
http://iw6ygaijchwprqh732tehoooxjbylabzaqdrzhohztxydm3mrdtehxyd.onion,ALIVE,200,0.93,5e677631c83e8ba02e19800c1a45ed9a
http://jr7b7oytpxyeyoi535weqclu5e7maxyykx7tprxzu7aei6jcrb3knyqd.onion,ALIVE,200,3.576,ccf63348ee9cf09232f1c23dc811913f
http://j2slvzc7uzrmqvc5ehus3pyzydmnjjjwykevg66pje4ltwnjbo2jgpqd.onion,ALIVE,200,0.957,71a3291a7618c5bd8aa3ef6557ec0f4c
http://ilbmk3zqilbmjgv3kihhufuxuwcu4iwr4dqfzzvs3up6uruzziibdsad.onion,TIMEOUT,,,1a3ed6a1f8ada62343f567da186ea0b4
http://ixyqro6q4nb2iwaclq2hyimthlw2a4ufjjeq2zvpyzlebfbj3b6pomid.onion,ALIVE,200,1.558,a7977572453e30b4a75710fc4164ec5c
http://jwoyxcktlqjzrz6l5mdnpbysge4wqa7qx6pvbykjq2jflwvy43k4f3yd.onion,ALIVE,200,3.503,99a40f24cab07e60db0e0ede9354ee57
http://jz6lwipbgwxmm63raofqsnnmsdigzo2nqxrhwipowys3sgzgkibzduqd.onion,ALIVE,200,3.449,13d60a95bc7045e34d8500bd681cb15a
http://jwcdj43esdlqqozmlf5nuognct47w74hxuv4az4vv3o6watrdzxnj3ad.onion,ALIVE,200,5.551,dee6a77ea5ec549507376415bcaa3b03
http://k4kaneal7sdljerbpoq5osbmbgm3uofhp5tcsdq2vooiywxijwy4anid.onion,ALIVE,200,4.417,e7fe7d27c74c860be97f2038742bb36e
http://itpd3ptchhsd43vuee6rrcgwfctvwbfmaqgjalkgquempigmlxfumyad.onion,UNREACHABLE,,,a0e9b81cc9f9468aa5383d4258412a71
http://kcizqjysh263kji7gzpw6o6lb6z25jnpuzh2lcy5uucjnzkil5bqfpyd.onion,ALIVE,200,4.593,f55e688ee93c18f8b0b957de1ec66585
http://jpgfurvh2wmrkdfqjgos65lneoyx7xunb4xy3t35zymngvgytlftolyd.onion,UNREACHABLE,,,0b01fd1a70b69519ae2f7b09194a174e
http://kerberosgzhuw5oagmbzjecz5m3c2bmpg3mns6ty7ofwwk67kviswkad.onion,ALIVE,200,3.956,287773e16262a03bc5d024b92bfd55d1
http://kd6oox7aowzt5ypwdp2o5curwkgtjjzzk33ecejomm52epjr74daoeid.onion,ALIVE,200,4.708,e4009fdb487317dc2982c5d8498c9a5a
http://jlonwuw3b6yh7jg4ultq2up433llkd5nrpl7l5fp5kb3gqsroxsi23yd.onion,UNREACHABLE,,,2456f882c1e2a2e96a5ba4c88cfb11e6
http://kerberosdkgfsepwkotclwpuc4iviucasicwgssv6zgcw3d5xa3tdwad.onion,ALIVE,200,4.807,62ca231b51a3a93e4634baacc7a4c39a
http://kmzuu5qhe2cxvd4rpzhbwgzbxnfnvp2ffze7apbm26qg7gzctv52ivqd.onion,ALIVE,200,3.772,f59e3013753c4d7328930939906d08f4
http://k3as2n4homi6pwmyvyrulk7sxmjj54lr4qrazm34y5pcpx2jpbrhpkad.onion,UNREACHABLE,,,fbab3a41e3769bb5565e66ac9448d413
http://ktptjen6jgtwrkwlnbicenngh3e4ker3khh7j3fobfhhbel3hkt2a5qd.onion,ALIVE,200,3.4,5336f0189587f2831e943380e31098ad
http://krauefxqgmbsiz5x542ntvz4x6ks23kntydpspdaecuqqwm7trm4y7yd.onion,ALIVE,200,4.828,634eeb84c9e2282cecd264ccda1ab0be
http://khnhtkhdx3dtrog57t3u7atcboampmbuaj25kyjehdfrfx43lnafpbad.onion,ALIVE,200,6.047,3f70c2b038199a6c461b727193015add
http://juuk2tsst2govxquz2ntdjlt3nrh775nxdyq6gpgghetmfgg2cxgcnad.onion,UNREACHABLE,,,e270b886262ccb622483fe5cf2961481
http://jzvc7fdrsnuc54omlngiuws53vfve7unddhp5msivxwu425wvogtrnqd.onion,UNREACHABLE,,,d14a713810e78be55c5ee0b2c0392bbd
http://lgoj4zihnmur5ag2q2hfndd2dmrssxwh3ofjxkdlwy3kt7ms6tyelxad.onion,ALIVE,200,3.459,0079cb5e04603e6858099991d90db9f1
http://lcyczvtnfbgwgoyxlhj37uf3l6pvfy5wwh4yie55shyn4ha52qfhnaid.onion,ALIVE,200,4.249,04369b16c18ab84fc0acddf3ba863467
http://le2f3hmqmxkuw7sub4i7fzoq7i5jnrzxiffjnpyho65seutq74c6unyd.onion,ALIVE,200,4.313,0d51f6119005ad5cc8ef8c717a7c5654
http://laltga6henmhy2543aepekwoqhvptdw5w3hynnugf67b7ztxbnxa25id.onion,ALIVE,200,5.3,d09d6e5818a89ad8a27c7d6aba545ac9
http://lz6hndfq4kizifo7f7y2iyylh2fuilgwh2swkwvtrlmwhsz732vkltyd.onion,ALIVE,200,4.1,cb19f3b4b100531966a2d337372eacd0
http://lp4dsb3dxnr6ub7xuxysl2gh5p7uqzoigv6nuxizly6cykjnp2dsxwid.onion,ALIVE,200,4.888,7695e4a7b985ba07444fea0a809613b2
http://k2zggogh75yueyocw23vpqn7uv2bioy7jobkntkz2elylasq5gjftrid.onion,TIMEOUT,,,b93a647560bdd4af34b190109f755933
http://kdvq3kw667j7c3p4buawjhz33au3qbwjirctqwu4ehjfjmojtoissaqd.onion,UNREACHABLE,,,287c2a2652dc6ba50e10ab41556bb0cb
http://lzkmtljoq227yjnuodaou62v2san3q6y7s3gud4d6gnjjyihs5y5hcyd.onion,ALIVE,200,3.893,1c2a659d19809040398118c2430d4f51
http://kuqjrmgv574pgc6gvwmjte2jttrj2cjacykxpjde2ryeiwxkc7iogwid.onion,ALIVE,200,0.784,d6ee6c835f126caaed5549181d5aa9b3
http://market7xebrb5tynstlqzj7eumfkgz3dbexh7we6fzwntl2cinf2jaad.onion,ALIVE,200,3.723,c0cce8bcaf03ed1ddd693ba400675b69
http://m4ggfkaphxoxukdynlgchyzefymgnlb3whhquhjlt5mj7ajk7gd7guyd.onion,ALIVE,200,3.962,c84697bb3d48cdb0bbfaee2220d4958a
http://kf2rzuxtr4lydutn37xxmdfhplqv4kqswgtta7hhndtip37e6sdra3id.onion,ALIVE,200,5.139,c75b88534823a3b4f1b18145f0ad5184
http://khhiryels5hz5hywzd6pkpsavxchefzadydxiyyefoh3ljo3nkzpt3id.onion,TIMEOUT,,,993cc193383d2f39eacfc57575177d9e
http://kk6rat5p74blscwlovikrz5jbqtnxue3pk5zu72mp6tjc4q3ke4twpyd.onion,TIMEOUT,,,6c24c8e09b945f87d67120994272868c
http://lpr6o54k6bnscnzgkwe5wr4yqphkny5hzc5qujom3rbnvfui46k46zyd.onion,ALIVE,200,7.529,437cc60bc0c460fb30955c56ac066e7a
http://mfdro2n3ysqvac5h7opoa6w7iw6sgmmieprzsxzbja4dpp6ofmkfnrqd.onion,ALIVE,200,4.141,e5e5568cfb43f0c86d12c0f409d8f5bc
http://lznqjsn26k7wlnj2r2iitqmemge3u3dr357ltaj23jpwzu43p7h4y5ad.onion,ALIVE,200,0.69,bf0e3ae4e6e24d878fbbf53e6e83605a
http://lybn62gyzy5af245ue3s3ykoegywjgexdv7ptrnnfczn2reaqv23sqqd.onion,UNREACHABLE,,,965535aea9d7875ff0564fdaa83a7c35
http://lbks5ggrwn4yisttejlj54ak6xtodsdoby6yj7g6qu6ubhb7ox6ogyid.onion,ALIVE,200,4.396,6b8da99caf8a3a2af315ea5fdf6861e1
http://mnemonic45np3l6o2k5oavgwhyymagmaeh3jeqfdakz3sxliqjct6wad.onion,ALIVE,200,5.365,445ca61a0705ac07de3344f2a0ce4b26
http://moneynbdz6b6cz4qqq24rad4rdgveyksumtzlrl2k7lswb732igu7aqd.onion,ALIVE,200,4.206,144a1ec7ca57bc6c7b2659655730246e
http://moneroassxcsztuflhkaffnm5ibtakqsyv2goygne2pkrlu3yllrgkad.onion,ALIVE,200,4.352,22cd94cefaed2ffd2e5e01f95052884a
http://mtycmgzsfj756kdiorzjb7aik3vpsamnq4sgfaxsgvf2rqwz2s7zmqad.onion,ALIVE,200,5.037,e7d076b6e8e100c6ef6e1ccb93e39758
http://nf5x76hh6xrvww6ha33qkglyuh5sjxsnl3wlptsondm6yzv6crftdkad.onion,ALIVE,200,3.624,7a5115ef1e8a83182ded9b1c1cc9aaca
http://n2jvyaqbjnpodiz5yemdfhzjporks5ecs5iwprdf54rxvo3ezu6ymfyd.onion,ALIVE,200,4.233,0809189037a0931516aa7405a2c144f1
http://m3icbw6kyy3r45vs5tl6jrwgnkvo2pfeb25h6pkzdykljcrl27rr2jyd.onion,UNREACHABLE,,,c42e3083015c2aa93b6f57c7f65aa878
http://n65vbiyth63t5f7ychaoqedj5o5jhcnbn4cmuzxboan6tjn24mio6vad.onion,ALIVE,200,4.129,81cbb1513fba02edfbdb7aa01399bf61
http://n4ak2ts2an5bieal4xupf77zgyhbrnficbzriq53dbg2jj5qok6dnwad.onion,ALIVE,200,4.921,575f475aa47715cfb7f498742a3c494d
http://mgcanlmezcs55agkrlzgflh2cnx2i4j5hjbbc2nyh7ivga4gbrkregyd.onion,ALIVE,200,2.386,cdf4649fc7050c2583c0773c6057790d
http://nsnbaasvifzbye263dmo2wx3bn4ns53nutor6bupyv7vyncx4jfmffyd.onion,ALIVE,200,4.108,8837c0a84aeea68ce8af67617688cef4
http://nynfa42qtrrckgdetwubfwugotn6y52jbohr25j6s4dtrnq6c5aa6gid.onion,ALIVE,200,3.915,5e1f0dc85e67efd2ed32857ba5c26468
http://mdebu63j7rf2gwgiexpfngyw7eiabia27hljrfvcumjtjashxstfoyqd.onion,TIMEOUT,,,5a9242ba6afe2c57046a3d6649ea1350
http://mukozlbxatiy5jwlqmlqica6nuomcp4iwy4uku36suy6c2ba7k3tdrid.onion,ALIVE,200,2.206,5353e739ae4283d3fcfba5874b6b53ef
http://mg4bc647abdzdqjbxpzslioidvls6zzfou6g2g53gbdj2bqoe3lts6id.onion,TIMEOUT,,,21166412e27a5d1a134ca4d35f3b093b
http://mogrjtjyz4ekeo7s7yab6v2wpn33agwgqubm6s2ho7crmbr7jvsyzaid.onion,UNREACHABLE,,,960dc428318ad74224fe732835e7a92a
http://ofzxu7ryj7dfj2zubgxgxsive5fvut2zukw2osxnmkjx67we6o5ktfid.onion,ALIVE,200,3.087,23b06b02d58e7d8598c4e31287fb4ce9
http://nyxoooumge2b5c6dxl5dkdqpxirmmhksk3nfzye6yclevbrsobjbxyqd.onion,ALIVE,200,4.638,227e6f7b5c7ecac8a02c166eb61205f4
http://o5ikk3nv4pobprgycbc7vjdhfalc4sf2q4bwucc327gpcrcptghgsiqd.onion,ALIVE,200,4.634,55782d93b1fb114c45aee33da8cfc844
http://oiv7prhnvbyaduoxbs65my46duqarpdbeoz64colxjd7mh2zi65pytad.onion,ALIVE,200,3.807,37e920bad1e87fb87726357f42d97b05
http://ojn625nvqz7mlqcotdbldpfwaltdo2occnjwmtolrpw25or7fslq3tyd.onion,ALIVE,200,3.797,be5333dd7f1cf17b98ecd30954f5be32
http://obqwjnaur6r4lpwjbgmalazy6j5d6fgliimdlipjvdomhbodm2lmidqd.onion,ALIVE,200,4.265,2a5ba40b6c6acd850b6d133741727cb2
http://mkhmmpuevzh67rlewnobc3rlamal5mprvzc4a626xjdhaxfitlzsmtqd.onion,TIMEOUT,,,d5cab3f3468ead6aa4b5b435e9e8f62d
http://oda4hcwd7elz6h6treo54attfj3dg27mk2fna7k56tesqonac5itf5id.onion,ALIVE,200,5.381,1b262080877180ac814eb18453f58eeb
http://mt7b4pxhc6mu66io7lifpiv4zw73stwxcnnya6e42oub3yjb27cdowyd.onion,TIMEOUT,,,bfdc1e21116128f6c6eb6c8cb04777ae
http://mzbqwqurweplhqd3vjc57zsfbusvytql7ncg3cqlicnba7vbgghd5rqd.onion,ALIVE,200,3.715,cdc399a0e9f58a103c18196d7e55e860
http://paypal2kygxio3lbete4wytj5rrr5ivknevft2twhbkndtidufd42byd.onion,DEAD,503,2.59,d4cbef4a3153e6dd208a4cb5c5008867
http://onlinewohuex7axzqmm5ogqwtdqj7npjrq45pztpeahrdqbc347zxcyd.onion,DEAD,503,3.795,48149b1fb76faf5c283e3f4bc732ea2a
http://owte37q7aqw7ixned7xhp55eaibhk4i4ghsph4fr7jthk7qqtzvafsyd.onion,ALIVE,200,3.079,2ca47e683f005e7ce2b3733af4108a53
http://omgpornmcxner4mtchbnowhvysh4dxlv7x62ugfqzfp7x2okm4ohtqyd.onion,DEAD,503,5.588,7ed40b56625c2ba594e803981e8fa42b
http://pao6guajnyd6rmhx56toxdcduhthc4wc3prb3evbzybai6iado7df6ad.onion,ALIVE,200,3.668,e2b29ed86fa7596662b6739b32936ca2
http://ootnorawbrxwhff4mhjhmd2kopkfpvyjrxbnlyl7d2g2dxgjteac5zad.onion,ALIVE,200,4.442,8e8a4bb7ea0966ebc165912e2031d638
http://o7zwj3drb4gfcbnd4mvge4cxqpwjllujpn67m2pwgp4fhgzvt3trcmad.onion,UNREACHABLE,,,1af4f05967ec72aafa9c6c4723ee850e
http://nkwcywqrc75mi2bfcnt6d4cpu7lz6dkaefanscfxfwwj2v27dw6bn3qd.onion,TIMEOUT,,,e343763582911ccb53e61ed6c59089ea
http://pakdbwftdzn3xwslrzewbtsju63wep2xn37klmhqjuynp554vhjtdiad.onion,ALIVE,200,5.156,29f94546e60347fc4840c9e52d59f096
http://pgukuqhrhg3ucrmvcsz4frm6p6s6i4yujsgoc7ubrwuj3xvlix7zjnid.onion,ALIVE,200,4.852,ebc941f07009548e651779898abcb01c
http://oniondiricuc4x2y5qbucg4jyp2ael5rxy7aahy5f4fbars2jkkf7vad.onion,ALIVE,200,1.384,fb1935582151801970901461de212e60
http://povtj7f6prapsyblxornucjjoeddpyc5cmh3764f5pc7neunf62ej5id.onion,ALIVE,200,4.999,07fb3c3041467eeaea040de60b03ac3e
http://pq5ajezwtsv6w7azyec3an4hcbf6qyxecv4km3qndh4zvksodugxkwyd.onion,ALIVE,200,4.483,b9dc8febe712efd2bf979921e3b53549
http://ppi5a5oydx4fl6girthnlsalxntiv73dbuin4hwnlwhbniykturm63yd.onion,ALIVE,200,4.55,360c88e5e833b93c32f282f04cbc90c1
http://pztxiwg62qa66sy6n7dcjr5cjuewiiueruw55cfhvbzid5yanyors2ad.onion,ALIVE,200,4.03,1dd10482b37d55733b2a82a871820994
http://px4c6awfaevzqg4gaargfg5ie3g52344ptc3dsvfjnsgwm7zkyzn3hyd.onion,ALIVE,200,4.879,50a71c2a30b499910cf868a8c910bc62
http://qfxr5cw2vs7dkgqhfblzet6vky7kuiwmyrkora4aq4fvpdi33xr6udid.onion,ALIVE,200,3.886,a0e85c884968e6cf1cb953c4830b9120
http://onecgysttosrqnpigh4iduhgi7lkbhb2oln4qvsr6ptnrhvou6cbqcyd.onion,UNREACHABLE,,,ed30b74b9d4c3cd959295c365a2cb199
http://q37f2qqolsxmg5z5cikoq63b3h27crr2xuelpiqyyu5z6qq4al54zyyd.onion,ALIVE,200,4.768,69d0fda412abf2a7b79085a79fec5937
http://qfat3iqqtq52vcoaf7txgpv46qae4sh3up5stqpmi3comu7kebzkhcqd.onion,ALIVE,200,4.115,d4e3196f7c3bacdd2cc6c7e693db0c78
http://pericouymgycnd5l5enyjaxrknsrf2jg6noygaqhibqs2zv6cyzmpwad.onion,UNREACHABLE,,,bb96ff75a8616f23c82492156a024a65
http://rasvwgys3tohmmh2z4izw7tf4gpp52tt3wdz27ivjkwzuctguu6woqqd.onion,ALIVE,200,3.08,915ba643dbc3dbaa9749943871721110
http://psrxclzfhicagnesquuskprrzcskfse6bzlhi5gjskpkryxgekw6ihad.onion,ALIVE,200,1.142,3767529e116e292f9b076ae207f1e6fc
http://r7d3pijzvwcuzo252m6nouv5frgmpqeshtedlihc2qnz3obfzx2lizyd.onion,ALIVE,200,4.323,8e3df157deefd2ea3b77d15d7937cd5b
http://plh3i5gcbochwdvnlwulgmbq6rcyfxbcb7oxjvoxdgm5lq6xourzhzyd.onion,DEAD,500,2.232,8c6e3adce663201a0fa0c6a45e40f075
http://quujrukvuvamqmwnt3rl64fntiaooqck6qerttik5bzxntc4dhksdkqd.onion,ALIVE,200,4.82,d2001e691f2280c8a460e78e33339f8e
http://rf2mbsp2m2y5tlx3vztp65vgrlmganaksyaoyanb2uykm4quys6lywid.onion,ALIVE,200,2.961,e3e86e0cde4ec57aff6e0a886c91044a
http://pitchndtoughh5poat3avi6qsib2dyyhn3zdq7ibccaj5ld6hscndnqd.onion,UNREACHABLE,,,1477f74d12151cc724c6e6338edd7019
http://rbjm2ttr54dlewagmmgk6fjqjdkfuvnij22nrcvj7cs3wwo622xwbrid.onion,ALIVE,200,4.661,69db3d300ff1fc897cff80654d3787a8
http://rgt262fy4afhbawhmfudd2dqzkzsix2goqjb4ovmsew75e5hbr5p7hqd.onion,ALIVE,200,3.527,7154ebec9dbb4fa69bbff27783791a17
http://qeadw4rxpdhnbgbm2fp7ldbbdea7uli4m2qv5ovar6jugkmelx44lrad.onion,ALIVE,200,2.009,1397eb930eb0c1253d13eaf44be7a973
http://ru3cyqujepvyvca7gwbqg5pl76y7mqfmaftgi734uzhbpagzcxiwdxyd.onion,ALIVE,200,3.702,0901e80d87cd40776dc8ca82b3cc87f8
http://piifer34ytlprapzfazlhc5lgvv7njdisfbpc5s7m6c64fzysefewaad.onion,UNREACHABLE,,,7baa565d8b7432ef33a8e6d3d14225a3
http://rebello5vykmc2vyviwdhhd3edv5hgcjc57cdzlousuxmtfzwo3oq4qd.onion,ALIVE,200,4.979,97a2be45aed2c9cb6173950c7971c196
http://ssndobhebwuzadryylcpdvmew6o5ieawaelzx6aqkzg5fm2sq3u7roqd.onion,ALIVE,200,3.349,fbbe7b165b854866ccbfdadb40322fcf
http://saiclmnr3got33pr2udejysldhigsippq5rsw4quhy4fh2pbwjj4uuqd.onion,ALIVE,200,4.535,d652043a67a71bf77312702b81555aa5
http://qj7pe5nglxsmk3gilmqepknitpqkptagzetih7diqo4ofqwcwrrkfsad.onion,ALIVE,200,1.282,ae50a192d1aa84f9730cf935a4863216
http://qnvxrpdzdsxlmdurspi633asmjqkrn4jcnhrief52e4oxxy5c3k7mmqd.onion,ALIVE,200,2.381,42da0b4f9dae89f1e059728cd30f8415
http://tdhgejiyawqwkeoj3kgoxeogncntnkfy3kagtg3snnzo7qvjl4rxztad.onion,ALIVE,200,4.398,77a530a7e46ae344af5e7398fe7a4a88
http://realorkbvjc3f75ii2viykc4q66ajviyo57ugjnitse33jdxt5fl6vqd.onion,UNREACHABLE,,,71fb30395944369fcd1b7a2080fe29d9
http://tornote3goasjiyjc5sk2rn3kxgwiil53d5zrdtp7rsv2sonv65lcxid.onion,ALIVE,200,3.902,5ba433d32e4c87691bf3048773df0931
http://tlsgvkvo2rbcjd4ljf6pkmyiqwnqyoyjw566rfunkslydlc3bwgly7id.onion,ALIVE,200,4.464,5fda27a4affeaca457560f7117276769
http://tqgjvkeueudm3pubtele4wtierkclreukbbtef6hkye32rdedxelshyd.onion,ALIVE,200,3.741,6eaf48da8a5b0fe1a4fb0224b4253000
http://rw5bovz2pqumvreuxuxdaipn55dcmdfa2lygdrtszho4wnxx6toknnqd.onion,ALIVE,200,0.767,8e426baca5b203db2cae9cf12b6635ee
http://trocadupz35kdyzgqpadqor4jk7u4lmbo2cnvb47qiqfibrb77ywjiyd.onion,DEAD,503,4.012,6892f5fa70674ae7ac71d968d61ffdec
http://riseup3wojsqlbruidtof4scifwbpkky3cnx6ngy4p3aqmfpr5y7soad.onion,UNREACHABLE,,,6ca675ac6cdc834fffcd2592d18ba4a6
http://tz5ocznvitwchwiwracepasbphazliecne3elyjh6kigq2vhdxwdztad.onion,ALIVE,200,4.101,d12c7d41a53273fb531abf95d25f109b
http://typvxnyq3o7klqbnb3c5jcqr4bu23q6fqxtlidnpqjupk6zpxy5jbfad.onion,ALIVE,200,4.174,54b5447619a0e02a2793865996371a68
http://tv54samlti22655ohq3oaswm64cwf7ulp6wzkjcvdla2hagqcu7uokid.onion,ALIVE,200,5.26,608460daf98bb692cc831cca441ed58f
http://ud5gt3dopdnvkq3ahxdjjlzgvzyinjgc6maunzsqsusqw3e7ijpj7kqd.onion,ALIVE,200,3.92,427e00d85679a68f6feb53911e7ea8ac
http://trefram7xawu7ghegagzb65q6rumoo6rhrmjp3m3y6s6g6cokem75bad.onion,ALIVE,200,6.437,a01539fd65d1c393b52a98fdde8d16ae
http://tuaxrt4o7wrybmgqvu4kleocogfhiwlv5xdcnyhvq4fefdvea6eb75qd.onion,ALIVE,200,0.861,7704986c110ac4a7b71b5b2d1f9855d9
http://tixft5ufb4yeygm2ew6xgn5fb4mcr3osrgtqeiy3u5gsn55agldt2gqd.onion,UNREACHABLE,,,83ddebc1891169603e255dab761d2e81
http://sparrowa7io5pz6ud3ehqzosvepbxbxt2zphmkjsylp2zgxooko23pqd.onion,TIMEOUT,,,6e658559642e982ae07864040ec91924
http://urbzfw7wrgc36tsh6c4pyemscmu74oy6xsxapnwuqxgi2ahli2zzmqad.onion,ALIVE,200,4.091,26db31457ed3408e7e034500cd4f0eec
http://v45zl5d7pizpkkp7wbwode3dfh2ewaw3na74ylwohfnmixgams5wnyid.onion,ALIVE,200,3.799,53f5e202034336a8b29ac99333c17703
http://tw77aasidjujw46pmnyxyi7kyuiiljd4lf2656qktwjeqn63kelwicid.onion,ALIVE,200,0.9,7c4be3dbb186a6a14413486550fa8f56
http://uescqfrcztbhb6tmhdlbejrjfwgtpckcoiwmwq5bfq5hhkwfioan7qad.onion,ALIVE,200,5.455,d20f8459130d16d058d36fafb9ec00d3
http://v4f635z2i4f6t4b2slu6y7pjlnu6y2jtz6uo6f3dgk5us5oxbpp4urid.onion,ALIVE,200,3.581,524a8d9df37e6c689b678697bae261ec
http://tipxylc7v2uao75zcgorucr4o2ouxtvn43praybq5kyehslo6xtynqyd.onion,UNREACHABLE,,,9e05ae807cb7074804ce4b4024d961f5
http://tormimaxs3lsnbffpgu2sdkrqa72ubajradl7hvarezu5wdg7vgwjlyd.onion,UNREACHABLE,,,8ca25f15fd1146548ad76c883a3dc7c9
http://uukk6gn3jj2dcfnuf5h5asu4hyn6xmmtgbn4in3esau7dwq7vaoturad.onion,ALIVE,200,5.413,30ced83974e407c14e26e675149a8bda
http://u3mqsh2dzbbj2mv6evcobgtp7c3y6y3lox7dwvdoxhkd5dwg26xuxdid.onion,ALIVE,200,2.254,f81901e4e5f57b2246b5d44b482e04b8
http://udegdb6sae5luffb7p5ty4gh4wvbt64ylcncitkjaoy5ijn2imjgd4yd.onion,ALIVE,200,0.845,a4092b43f61b330ac529a604e1c92189
http://v6mrmwvo6kbqgixe7ny73aouwiayfkmonirplgcoczpl7mlzyiri7had.onion,ALIVE,200,4.945,c93cf34e7ec1fb86f28a769a01c7be63
http://vbzbilj2ktcstnduxwokg4ci7qboi75vdb7mlr5qpardbebkjczd3zid.onion,ALIVE,200,4.4,b9c7dfc47fbdc297dbc96d582c5173d2
http://waa2dbeditmgttutm4m64jvwirmwtirhbuupngbhheddadyojgjsttid.onion,ALIVE,200,3.241,55916218dcc4ba63647f2049eb905058
http://valinet6l6tq6d5yohaa6gdsf2ho4qcqcxyj2nahp5kd4z7nsa6ycdqd.onion,ALIVE,200,5.511,70c3ca54236939391108464edd5a6197
http://torsbs5crbksq4nr6f3xjpoybmt5zaqs6uwec6jylk4uymdbwelgwsad.onion,TIMEOUT,,,1d7e008cc38e9265da9bb4427bf2c62e
http://uipgucjvy7zpnsgxidoqzwpwz3pm547taqem72wao6ga6acmhj2bmpyd.onion,UNREACHABLE,,,b54689820566ae6edadd54235253bc70
http://we44uiml33ja7zec5oygxu2jeprtfnfy2oil7lyvvpnb4k2gzletsfid.onion,ALIVE,200,3.973,1952dfd1f46418da30b9fb04e7b27b52
http://vdr42ruk53avcbcmpldlf75zf3y5vdxzjdv5ovroi3xgllkue4i4xtqd.onion,ALIVE,200,5.05,0245cc9bffb0e3d04098d4cacc522c40
http://wwkyhtmcahhf5bnwetgcuorhtf3iltgshrhjn3nohoel52quf2qacxqd.onion,ALIVE,200,3.878,c012f01c05e535e9fffcb8ca91fad83d
http://wob4z7mgkej3lsjmnfhkngckof3gi4bk7ykaiidcxmbafjatsnnnreyd.onion,ALIVE,200,4.198,bce10defc2e6c7024af26dcaea1f8769
http://wlanfyamybf7ibxuiidtgnk4skuzsd7ijfttkcx4oqxz7jeveal2waad.onion,ALIVE,200,4.836,850198d7921850aa944146db32ff2e72
http://wpfifsdx56ztggw52nym7im33jb6rfipnh2awmvokqx36ku2gcl4hxqd.onion,ALIVE,200,4.686,fecdcce4a967813ae357f3a2f6fb18e7
http://xb3inc2ljqcu7of34y2xqxyx7r477ll66i23hy5ev5so3notkpx45hid.onion,ALIVE,200,4.849,1ad4919ac3bc4e68735098cbacae05f3
http://venusm2hqxkrwge4nqzjcspowaj6doh223jlhnvsu2bcnmsizjnnqsqd.onion,ALIVE,200,6.837,7e75e85ea9eeb62580f3f7e88c934d9f
http://ye2chz6flkeey63d7zlgtacsxhdpikssfb2ntvrpjiejwiu7hl2vlyid.onion,ALIVE,200,3.438,109811cd77c3836ea4d41a00bbca5bc8
http://y4mb6vk5oj3jrkglwj3bx26yb4nghy2eb4ti2bgmqzkp6qyxrpmk72yd.onion,ALIVE,200,3.933,f84a322bc1857a84ed6aa8489dc8c7c2
http://ygbua4vmvhpa73aywqmu4x37aj4twv7riaa35qnbzhxqh357srjehxad.onion,ALIVE,200,3.828,67d8c16db22427f66a50247983b195f6
http://ykblfejszk7iqcy2py3x2lhiehmgzz44gpaapaorxmfctaikffb2zhad.onion,ALIVE,200,4.013,8f736be347f76a7e736f160214e4ae84
http://yalelodkrx62whcaq4wbawqtou7ic67xuyptyxoacejza563hrcuapqd.onion,ALIVE,200,5.25,b8e7068e105ed33ca845f83080703db6
http://yg4ocq2h2kroplpvzdh2brw4rqaqbswu3khha2khj5qs5geqyk5eclyd.onion,ALIVE,200,4.867,892be97d33df8ea18888e71106413c2a
http://yjqorhzu44uvslgoa72uuhqnaxfyqz6iy3do3dzcgqanlybdkkx6unqd.onion,ALIVE,200,4.45,b51a00902c32dacf1858e6843e59e41e
http://wzezlhkpedecyo6ewkh5s5zfq7ss5f4dz7rgbyxzeiqi7h2hpdvguyyd.onion,ALIVE,200,2.123,0b720ea91ee4560252e5d0fceb98b545
http://xsnqyqay367gsfaujs5nsdp25vhtsddyl5y7rwlqxlhgfhorge5xdsqd.onion,ALIVE,200,1.319,76fef10200ea6f1257a38c2b83f5e115
http://xt7pob5s63px54amkdixuaepikessjfrn2ls32j73thq5iq35ek3evyd.onion,ALIVE,200,1.346,1d4167d497791436a298011cd30781fe
http://z5yuzvitz4lynnaijdwmu6gkh2lnkjqmasv2jknf3biz6tkyxd4uszyd.onion,ALIVE,200,4.668,55c0a79c972aefc4f5f94abb6c0f8c0d
http://zlf33wr2po7g4kplsdpuf3up6a53ckrlrpdqks3m4dse63ovzshdqhid.onion,ALIVE,200,3.629,ceedd2744c846932229fa9c1bb7ee7ef
http://zd6sf7iry4hsd4e3wpqea76nxdmsheau5cdcbeqhragbrp6q35cq6zyd.onion,ALIVE,200,4.313,9fc0202d3dffb54b32e80532aff2f92c
http://w6gxsumfahpj6pjyydryyqxmabnfxbiearna62s3aswtfld4bynslfad.onion,TIMEOUT,,,272045ccd365a1fdd29dbf714d61bd2f
http://xmatches2hpmke6nxki6cllkfwlrlhfw3uax4ibths57dznorlwj7uid.onion,UNREACHABLE,,,6890e6b25becb93025383837ea0d2636
http://yuk7r3b46fr3mffmcymf3b7fxxjpbcxjwqp5ly5tdfhaprq2doq72gid.onion,ALIVE,200,0.787,253011530168cec1ee1181d6e2801f6b
http://zt3zcrj6jtloyjv4jt47h2syrix4fjlzjagdckbk7peaczxpvafmu2qd.onion,ALIVE,200,4.888,fc007749996d462e4d94047eaf021d7a
http://xrof643mi27h46tbflih26syk4f6qdwidpu6t6m6sbwf25jccn2f2kad.onion,TIMEOUT,,,722367960f3a83461ba03c70f1cbf14b
http://yowa6p6pcwuornvlue7zlymyll4tqagi5j32mr2gfs5tv6cyl3kllzqd.onion,TIMEOUT,,,df00081cee6ef01902b94b0b95c04b0f
http://yuugwz527rcwzhicwdtzd6dmxtnd5dpb5upr7xnd7ii4dzemzhkxfyad.onion,ALIVE,200,5.374,b45fab26f07dc86277101b4a9b3f8849
http://z4vkqmb7s3hocihil4pmdyprunjcxq2ch4oumcwg4icgzu3sh2hc3had.onion,TIMEOUT,,,b15e08a02060bae79ad3a0cb585a0d68
http://zjbmxapinou7heastipbg5bczloadhpt36yrcq3gnmf3umfke26kb2id.onion,TIMEOUT,,,61dac1231f632fcf5797e1f9f7e4ea2a
